timestamp,timestep,episode,reward,length,win,loss,avg_reward_100,win_rate_100
2026-01-14T08:23:29.659005,400,1,-95.0,100,0,0,-95.0,0.0
2026-01-14T08:23:29.660005,400,2,-87.0,100,0,0,-91.0,0.0
2026-01-14T08:23:29.660005,400,3,-95.0,100,0,0,-92.33333333333333,0.0
2026-01-14T08:23:29.661005,400,4,-86.0,100,0,0,-90.75,0.0
2026-01-14T08:23:30.250438,800,5,-96.0,100,0,0,-91.8,0.0
2026-01-14T08:23:30.250438,800,6,-91.3,100,0,0,-91.71666666666665,0.0
2026-01-14T08:23:30.251438,800,7,-89.0,100,0,0,-91.32857142857142,0.0
2026-01-14T08:23:30.252438,800,8,-96.0,100,0,0,-91.9125,0.0
2026-01-14T08:23:30.936074,1200,9,-87.0,100,0,0,-91.36666666666666,0.0
2026-01-14T08:23:30.937040,1200,10,-88.0,100,0,0,-91.03,0.0
2026-01-14T08:23:30.937040,1200,11,-89.0,100,0,0,-90.84545454545454,0.0
2026-01-14T08:23:30.938039,1200,12,-94.0,100,0,0,-91.10833333333333,0.0
2026-01-14T08:23:31.750072,1600,13,-85.0,100,0,0,-90.63846153846154,0.0
2026-01-14T08:23:31.750072,1600,14,-90.0,100,0,0,-90.59285714285714,0.0
2026-01-14T08:23:31.751078,1600,15,-74.0,100,0,0,-89.48666666666666,0.0
2026-01-14T08:23:31.751078,1600,16,-83.0,100,0,0,-89.08125,0.0
2026-01-14T08:23:32.224669,1864,17,-80.2,66,0,0,-88.55882352941177,0.0
2026-01-14T08:23:32.481551,2000,18,-87.0,100,0,0,-88.47222222222223,0.0
2026-01-14T08:23:32.483564,2000,19,-83.0,100,0,0,-88.1842105263158,0.0
2026-01-14T08:23:32.484460,2000,20,-90.0,100,0,0,-88.275,0.0
2026-01-14T08:23:32.952451,2264,21,-91.0,100,0,0,-88.4047619047619,0.0
2026-01-14T08:23:33.204492,2400,22,-89.0,100,0,0,-88.43181818181819,0.0
2026-01-14T08:23:33.204492,2400,23,-84.0,100,0,0,-88.23913043478261,0.0
2026-01-14T08:23:33.204492,2400,24,-109.0,100,0,0,-89.10416666666667,0.0
2026-01-14T08:23:33.690730,2664,25,-84.0,100,0,0,-88.9,0.0
2026-01-14T08:23:33.935812,2800,26,-84.0,100,0,0,-88.71153846153847,0.0
2026-01-14T08:23:33.935812,2800,27,-110.0,100,0,0,-89.5,0.0
2026-01-14T08:23:33.935812,2800,28,-82.0,100,0,0,-89.23214285714286,0.0
2026-01-14T08:23:34.407123,3064,29,-92.0,100,0,0,-89.32758620689656,0.0
2026-01-14T08:23:34.477187,3100,30,-94.0,75,0,0,-89.48333333333333,0.0
2026-01-14T08:23:34.683399,3200,31,-87.0,100,0,0,-89.40322580645162,0.0
2026-01-14T08:23:34.684398,3200,32,-81.0,100,0,0,-89.140625,0.0
2026-01-14T08:23:34.950234,3340,33,-60.0,60,0,0,-88.25757575757575,0.0
2026-01-14T08:23:35.249891,3464,34,-80.0,100,0,0,-88.01470588235294,0.0
2026-01-14T08:23:35.504626,3600,35,-83.0,100,0,0,-87.87142857142857,0.0
2026-01-14T08:23:35.505636,3600,36,-92.0,100,0,0,-87.98611111111111,0.0
2026-01-14T08:23:35.750711,3740,37,-77.0,100,0,0,-87.6891891891892,0.0
2026-01-14T08:23:35.959776,3864,38,-83.0,100,0,0,-87.5657894736842,0.0
2026-01-14T08:23:36.209227,4000,39,-77.5,100,0,0,-87.3076923076923,0.0
2026-01-14T08:23:36.209227,4000,40,-85.0,100,0,0,-87.25,0.0
2026-01-14T08:23:36.452860,4140,41,-110.0,100,0,0,-87.8048780487805,0.0
2026-01-14T08:23:36.675166,4264,42,-79.0,100,0,0,-87.5952380952381,0.0
2026-01-14T08:23:36.917373,4400,43,-79.0,100,0,0,-87.3953488372093,0.0
2026-01-14T08:23:36.917373,4400,44,-81.0,100,0,0,-87.25,0.0
2026-01-14T08:23:37.167875,4540,45,-75.7,100,0,0,-86.99333333333333,0.0
2026-01-14T08:23:37.389583,4664,46,-107.0,100,0,0,-87.42826086956521,0.0
2026-01-14T08:23:37.632003,4800,47,-77.0,100,0,0,-87.2063829787234,0.0
2026-01-14T08:23:37.633381,4800,48,-68.0,100,0,0,-86.80624999999999,0.0
2026-01-14T08:23:37.890237,4940,49,-80.0,100,0,0,-86.66734693877551,0.0
2026-01-14T08:23:39.998908,5064,50,-81.0,100,0,0,-86.554,0.0
2026-01-14T08:23:40.261724,5200,51,-84.0,100,0,0,-86.50392156862745,0.0
2026-01-14T08:23:40.262700,5200,52,-87.0,100,0,0,-86.51346153846154,0.0
2026-01-14T08:23:40.532751,5340,53,-76.0,100,0,0,-86.31509433962263,0.0
2026-01-14T08:23:40.755078,5464,54,-93.0,100,0,0,-86.43888888888888,0.0
2026-01-14T08:23:40.999438,5600,55,-87.0,100,0,0,-86.44909090909091,0.0
2026-01-14T08:23:41.000347,5600,56,-81.0,100,0,0,-86.35178571428571,0.0
2026-01-14T08:23:41.256097,5740,57,-74.0,100,0,0,-86.13508771929824,0.0
2026-01-14T08:23:41.475346,5864,58,-94.0,100,0,0,-86.2706896551724,0.0
2026-01-14T08:23:41.736210,6000,59,-106.0,100,0,0,-86.60508474576271,0.0
2026-01-14T08:23:41.736210,6000,60,-79.0,100,0,0,-86.47833333333332,0.0
2026-01-14T08:23:41.994295,6140,61,-90.0,100,0,0,-86.53606557377049,0.0
2026-01-14T08:23:42.112274,6204,62,-46.2,51,0,0,-85.88548387096773,0.0
2026-01-14T08:23:42.231145,6264,63,-81.0,100,0,0,-85.8079365079365,0.0
2026-01-14T08:23:42.297567,6292,64,-36.6,38,0,0,-85.0390625,0.0
2026-01-14T08:23:42.501390,6400,65,-95.0,100,0,0,-85.1923076923077,0.0
2026-01-14T08:23:42.584403,6448,66,-42.8,39,0,0,-84.55,0.0
2026-01-14T08:23:42.609433,6456,67,-56.6,63,0,0,-84.13283582089554,0.0
2026-01-14T08:23:42.903513,6620,68,-43.6,43,0,0,-83.53676470588236,0.0
2026-01-14T08:23:42.995671,6664,69,-80.0,100,0,0,-83.48550724637683,0.0
2026-01-14T08:23:43.237814,6800,70,-78.0,100,0,0,-83.40714285714287,0.0
2026-01-14T08:23:43.275020,6812,71,-84.8,89,0,0,-83.4267605633803,0.0
2026-01-14T08:23:43.684489,7020,72,-64.0,100,0,0,-83.15694444444445,0.0
2026-01-14T08:23:43.778282,7064,73,-81.0,100,0,0,-83.12739726027398,0.0
2026-01-14T08:23:44.047236,7200,74,-78.0,100,0,0,-83.05810810810812,0.0
2026-01-14T08:23:44.083648,7212,75,-74.0,100,0,0,-82.93733333333334,0.0
2026-01-14T08:23:44.496986,7420,76,-71.0,100,0,0,-82.78026315789474,0.0
2026-01-14T08:23:44.587956,7464,77,-69.0,100,0,0,-82.6012987012987,0.0
2026-01-14T08:23:44.843227,7600,78,-93.0,100,0,0,-82.73461538461538,0.0
2026-01-14T08:23:44.873730,7612,79,-73.0,100,0,0,-82.6113924050633,0.0
2026-01-14T08:23:45.303093,7820,80,-84.0,100,0,0,-82.62875,0.0
2026-01-14T08:23:45.407204,7864,81,-74.0,100,0,0,-82.52222222222223,0.0
2026-01-14T08:23:45.683680,8000,82,-79.0,100,0,0,-82.47926829268293,0.0
2026-01-14T08:23:45.717918,8012,83,-85.0,100,0,0,-82.50963855421686,0.0
2026-01-14T08:23:46.145780,8220,84,-75.0,100,0,0,-82.42023809523809,0.0
2026-01-14T08:23:46.250444,8264,85,-80.0,100,0,0,-82.39176470588235,0.0
2026-01-14T08:23:46.522820,8392,86,-44.6,43,0,0,-81.95232558139536,0.0
2026-01-14T08:23:46.546401,8400,87,-71.0,100,0,0,-81.8264367816092,0.0
2026-01-14T08:23:46.577690,8412,88,-79.4,100,0,0,-81.79886363636363,0.0
2026-01-14T08:23:47.030847,8664,89,-83.0,100,0,0,-81.8123595505618,0.0
2026-01-14T08:23:47.234998,8780,90,-76.0,95,0,0,-81.74777777777778,0.0
2026-01-14T08:23:47.264470,8788,91,-86.8,94,0,0,-81.80329670329671,0.0
2026-01-14T08:23:47.278445,8792,92,-80.0,100,0,0,-81.78369565217392,0.0
2026-01-14T08:23:47.747632,9064,93,-81.5,100,0,0,-81.78064516129032,0.0
2026-01-14T08:23:47.960167,9180,94,-78.0,100,0,0,-81.7404255319149,0.0
2026-01-14T08:23:47.984843,9188,95,-71.0,100,0,0,-81.62736842105264,0.0
2026-01-14T08:23:47.996961,9192,96,-85.0,100,0,0,-81.66250000000001,0.0
2026-01-14T08:23:48.487873,9464,97,-70.0,100,0,0,-81.54226804123712,0.0
2026-01-14T08:23:48.772583,9580,98,-77.0,100,0,0,-81.49591836734695,0.0
2026-01-14T08:23:48.797849,9588,99,-70.5,100,0,0,-81.38484848484849,0.0
2026-01-14T08:23:48.810834,9592,100,-60.7,100,0,0,-81.178,0.0
2026-01-14T08:23:49.352913,9856,101,-81.6,98,0,0,-81.04400000000001,0.0
2026-01-14T08:23:49.444234,9900,102,-63.6,78,0,0,-80.81,0.0
2026-01-14T08:23:49.501522,9924,103,-60.4,86,0,0,-80.464,0.0
2026-01-14T08:23:49.646916,9992,104,-75.0,100,0,0,-80.354,0.0
2026-01-14T08:23:51.874062,10188,105,-59.2,66,0,0,-79.986,0.0
2026-01-14T08:23:52.020639,10256,106,-73.0,100,0,0,-79.803,0.0
2026-01-14T08:23:52.137549,10300,107,-67.0,100,0,0,-79.583,0.0
2026-01-14T08:23:52.335316,10392,108,-67.0,100,0,0,-79.293,0.0
2026-01-14T08:23:52.699285,10588,109,-64.2,100,0,0,-79.065,0.0
2026-01-14T08:23:52.833808,10656,110,-67.0,100,0,0,-78.855,0.0
2026-01-14T08:23:52.920324,10700,111,-73.0,100,0,0,-78.695,0.0
2026-01-14T08:23:53.103855,10792,112,-64.2,100,0,0,-78.39699999999999,0.0
2026-01-14T08:23:53.493112,10988,113,-68.0,100,0,0,-78.227,0.0
2026-01-14T08:23:53.630772,11056,114,-70.0,100,0,0,-78.027,0.0
2026-01-14T08:23:53.721071,11100,115,-73.0,100,0,0,-78.017,0.0
2026-01-14T08:23:53.903052,11192,116,-81.0,100,0,0,-77.99700000000001,0.0
2026-01-14T08:23:54.281288,11388,117,-75.0,100,0,0,-77.945,0.0
2026-01-14T08:23:54.413673,11456,118,-65.0,100,0,0,-77.725,0.0
2026-01-14T08:23:54.512167,11500,119,-71.0,100,0,0,-77.605,0.0
2026-01-14T08:23:54.697758,11592,120,-66.0,100,0,0,-77.365,0.0
2026-01-14T08:23:54.862142,11672,121,-44.8,54,0,0,-76.903,0.0
2026-01-14T08:23:55.080332,11784,122,-42.6,48,0,0,-76.43900000000001,0.0
2026-01-14T08:23:55.092667,11788,123,-62.0,100,0,0,-76.21900000000001,0.0
2026-01-14T08:23:55.309788,11900,124,-57.0,100,0,0,-75.69900000000001,0.0
2026-01-14T08:23:55.440469,11968,125,-66.8,74,0,0,-75.527,0.0
2026-01-14T08:23:55.479312,11984,126,-43.0,50,0,0,-75.117,0.0
2026-01-14T08:23:55.662649,12080,127,-27.6,28,0,0,-74.293,0.0
2026-01-14T08:23:55.868978,12188,128,-88.0,100,0,0,-74.35300000000001,0.0
2026-01-14T08:23:56.077960,12300,129,-72.0,100,0,0,-74.153,0.0
2026-01-14T08:23:56.169845,12344,130,-34.9,39,0,0,-73.56200000000001,0.0
2026-01-14T08:23:56.247041,12384,131,-82.0,100,0,0,-73.512,0.0
2026-01-14T08:23:56.433399,12480,132,-72.0,100,0,0,-73.422,0.0
2026-01-14T08:23:56.494387,12500,133,-43.0,50,0,0,-73.252,0.0
2026-01-14T08:23:56.595534,12544,134,-46.0,50,0,0,-72.912,0.0
2026-01-14T08:23:56.859011,12684,135,-65.0,75,0,0,-72.732,0.0
2026-01-14T08:23:57.059825,12792,136,-49.4,62,0,0,-72.306,0.0
2026-01-14T08:23:57.227143,12880,137,-73.0,100,0,0,-72.26599999999999,0.0
2026-01-14T08:23:57.271448,12900,138,-60.9,100,0,0,-72.045,0.0
2026-01-14T08:23:57.540490,13032,139,-64.4,87,0,0,-71.91399999999999,0.0
2026-01-14T08:23:57.541507,13032,140,-35.6,38,0,0,-71.42,0.0
2026-01-14T08:23:57.831822,13192,141,-69.0,100,0,0,-71.01,0.0
2026-01-14T08:23:58.043154,13300,142,-66.0,100,0,0,-70.88,0.0
2026-01-14T08:23:58.304785,13432,143,-78.0,100,0,0,-70.87,0.0
2026-01-14T08:23:58.304785,13432,144,-68.0,100,0,0,-70.74,0.0
2026-01-14T08:23:58.499778,13528,145,-26.8,24,0,0,-70.25099999999999,0.0
2026-01-14T08:23:58.623888,13592,146,-70.0,100,0,0,-69.881,0.0
2026-01-14T08:23:58.635751,13596,147,-48.8,74,0,0,-69.599,0.0
2026-01-14T08:23:58.893353,13728,148,-61.8,74,0,0,-69.53699999999999,0.0
2026-01-14T08:23:58.894360,13728,149,-45.0,50,0,0,-69.18700000000001,0.0
2026-01-14T08:23:58.966200,13760,150,-35.2,41,0,0,-68.729,0.0
2026-01-14T08:23:59.226136,13904,151,-41.8,44,0,0,-68.307,0.0
2026-01-14T08:23:59.288756,13936,152,-38.4,52,0,0,-67.821,0.0
2026-01-14T08:23:59.392521,13992,153,-64.0,100,0,0,-67.70100000000001,0.0
2026-01-14T08:23:59.536187,14068,154,-20.8,19,0,0,-66.979,0.0
2026-01-14T08:23:59.673492,14144,155,-70.5,96,0,0,-66.814,0.0
2026-01-14T08:23:59.927075,14304,156,-64.0,100,0,0,-66.644,0.0
2026-01-14T08:23:59.991523,14336,157,-99.6,100,0,0,-66.9,0.0
2026-01-14T08:24:00.226000,14448,158,-28.6,28,0,0,-66.24600000000001,0.0
2026-01-14T08:24:00.273728,14468,159,-107.0,100,0,0,-66.256,0.0
2026-01-14T08:24:00.404342,14544,160,-67.0,100,0,0,-66.13600000000001,0.0
2026-01-14T08:24:00.445099,14556,161,-52.6,63,0,0,-65.762,0.0
2026-01-14T08:24:00.642780,14664,162,-31.0,30,0,0,-65.61,0.0
2026-01-14T08:24:00.918761,14812,163,-64.2,86,0,0,-65.442,0.0
2026-01-14T08:24:00.985885,14848,164,-60.0,100,0,0,-65.67599999999999,0.0
2026-01-14T08:24:01.174582,14956,165,-96.0,100,0,0,-65.68599999999999,0.0
2026-01-14T08:24:02.820672,15016,166,-18.0,15,0,0,-65.43799999999999,0.0
2026-01-14T08:24:02.986196,15064,167,-72.0,100,0,0,-65.592,0.0
2026-01-14T08:24:03.004197,15068,168,-54.8,64,0,0,-65.704,0.0
2026-01-14T08:24:03.338106,15248,169,-66.0,100,0,0,-65.564,0.0
2026-01-14T08:24:03.665778,15416,170,-64.0,100,0,0,-65.42399999999999,0.0
2026-01-14T08:24:03.760256,15464,171,-63.0,100,0,0,-65.206,0.0
2026-01-14T08:24:03.775678,15468,172,-112.0,100,0,0,-65.68599999999999,0.0
2026-01-14T08:24:04.059133,15604,173,-31.0,35,0,0,-65.186,0.0
2026-01-14T08:24:04.125119,15636,174,-37.4,42,0,0,-64.77999999999999,0.0
2026-01-14T08:24:04.149876,15648,175,-56.0,100,0,0,-64.6,0.0
2026-01-14T08:24:04.177678,15656,176,-51.0,60,0,0,-64.39999999999999,0.0
2026-01-14T08:24:04.286596,15708,177,-17.6,13,0,0,-63.886,0.0
2026-01-14T08:24:04.665999,15932,178,-47.2,56,0,0,-63.42799999999999,0.0
2026-01-14T08:24:04.780550,15996,179,-54.0,90,0,0,-63.238,0.0
2026-01-14T08:24:04.804717,16004,180,-59.0,100,0,0,-62.988,0.0
2026-01-14T08:24:04.874105,16032,181,-21.0,25,0,0,-62.45799999999999,0.0
2026-01-14T08:24:04.908507,16048,182,-50.0,100,0,0,-62.16799999999999,0.0
2026-01-14T08:24:05.172856,16192,183,-37.8,49,0,0,-61.696,0.0
2026-01-14T08:24:05.521251,16404,184,-45.0,100,0,0,-61.396,0.0
2026-01-14T08:24:05.586507,16432,185,-73.0,100,0,0,-61.32599999999999,0.0
2026-01-14T08:24:05.621509,16448,186,-100.0,100,0,0,-61.88000000000001,0.0
2026-01-14T08:24:05.717839,16492,187,-17.4,22,0,0,-61.343999999999994,0.0
2026-01-14T08:24:05.888035,16592,188,-59.7,100,0,0,-61.147,0.0
2026-01-14T08:24:06.284937,16808,189,-75.0,90,0,0,-61.067,0.0
2026-01-14T08:24:06.336457,16832,190,-58.0,100,0,0,-60.887,0.0
2026-01-14T08:24:06.454368,16892,191,-65.0,100,0,0,-60.669000000000004,0.0
2026-01-14T08:24:06.652485,16992,192,-73.0,100,0,0,-60.599,0.0
2026-01-14T08:24:06.737186,17020,193,-30.4,47,0,0,-60.087999999999994,0.0
2026-01-14T08:24:06.737186,17020,194,-43.6,53,0,0,-59.74400000000001,0.0
2026-01-14T08:24:06.826351,17060,195,-31.4,42,0,0,-59.34799999999999,0.0
2026-01-14T08:24:07.088068,17200,196,-29.0,45,0,0,-58.78799999999999,0.0
2026-01-14T08:24:07.426933,17392,197,-71.5,100,0,0,-58.803000000000004,0.0
2026-01-14T08:24:07.460768,17404,198,-64.2,86,0,0,-58.675,0.0
2026-01-14T08:24:07.496733,17420,199,-56.0,100,0,0,-58.529999999999994,0.0
2026-01-14T08:24:07.705739,17516,200,-24.8,24,0,0,-58.17100000000001,0.0
2026-01-14T08:24:07.756786,17536,201,-63.8,84,0,0,-57.993,0.0
2026-01-14T08:24:08.080666,17696,202,-52.2,76,0,0,-57.879000000000005,0.0
2026-01-14T08:24:08.205909,17756,203,-76.6,88,0,0,-58.041000000000004,0.0
2026-01-14T08:24:08.267398,17784,204,-47.4,62,0,0,-57.765,0.0
2026-01-14T08:24:08.517577,17916,205,-59.0,100,0,0,-57.763000000000005,0.0
2026-01-14T08:24:08.867654,18096,206,-53.0,100,0,0,-57.563,0.0
2026-01-14T08:24:08.990298,18148,207,-39.6,58,0,0,-57.288999999999994,0.0
2026-01-14T08:24:09.007681,18156,208,-55.0,100,0,0,-57.169000000000004,0.0
2026-01-14T08:24:09.074157,18184,209,-50.0,100,0,0,-57.02700000000001,0.0
2026-01-14T08:24:09.275888,18280,210,-37.2,46,0,0,-56.729000000000006,0.0
2026-01-14T08:24:09.512134,18412,211,-38.8,64,0,0,-56.387,0.0
2026-01-14T08:24:09.624698,18472,212,-46.4,72,0,0,-56.208999999999996,0.0
2026-01-14T08:24:09.769255,18548,213,-48.0,100,0,0,-56.00899999999999,0.0
2026-01-14T08:24:10.013427,18680,214,-47.0,100,0,0,-55.778999999999996,0.0
2026-01-14T08:24:10.125477,18732,215,-40.0,65,0,0,-55.449,0.0
2026-01-14T08:24:10.249156,18792,216,-31.2,61,0,0,-54.95099999999999,0.0
2026-01-14T08:24:10.295541,18812,217,-61.0,100,0,0,-54.81099999999999,0.0
2026-01-14T08:24:10.499125,18916,218,-26.2,31,0,0,-54.422999999999995,0.0
2026-01-14T08:24:10.626174,18984,219,-53.6,63,0,0,-54.248999999999995,0.0
2026-01-14T08:24:10.794020,19080,220,-67.0,100,0,0,-54.25900000000001,0.0
2026-01-14T08:24:11.000382,19188,221,-36.2,51,0,0,-54.173,0.0
2026-01-14T08:24:11.014382,19192,222,-47.8,69,0,0,-54.22500000000001,0.0
2026-01-14T08:24:11.055863,19212,223,-83.0,100,0,0,-54.435,0.0
2026-01-14T08:24:11.199365,19284,224,-18.8,24,0,0,-54.053000000000004,0.0
2026-01-14T08:24:11.471195,19436,225,-38.6,61,0,0,-53.771,0.0
2026-01-14T08:24:11.485438,19440,226,-35.4,57,0,0,-53.69500000000001,0.0
2026-01-14T08:24:11.565885,19480,227,-60.0,100,0,0,-54.019000000000005,0.0
2026-01-14T08:24:11.806827,19604,228,-29.2,41,0,0,-53.431000000000004,0.0
2026-01-14T08:24:11.973690,19684,229,-54.0,100,0,0,-53.251,0.0
2026-01-14T08:24:12.236712,19824,230,-62.4,97,0,0,-53.525999999999996,0.0
2026-01-14T08:24:12.348763,19880,231,-48.0,100,0,0,-53.18600000000001,0.0
2026-01-14T08:24:12.546438,19996,232,-32.6,43,0,0,-52.79200000000001,0.0
2026-01-14T08:24:14.557382,20004,233,-47.0,100,0,0,-52.83200000000001,0.0
2026-01-14T08:24:14.681625,20076,234,-91.6,98,0,0,-53.28800000000001,0.0
2026-01-14T08:24:15.062102,20268,235,-38.6,48,0,0,-53.024000000000015,0.0
2026-01-14T08:24:15.094214,20280,236,-51.0,100,0,0,-53.04000000000002,0.0
2026-01-14T08:24:15.141054,20296,237,-49.6,73,0,0,-52.80600000000002,0.0
2026-01-14T08:24:15.311685,20380,238,-19.2,21,0,0,-52.389,0.0
2026-01-14T08:24:15.311685,20380,239,-61.2,96,0,0,-52.357000000000006,0.0
2026-01-14T08:24:15.438222,20440,240,-17.0,15,0,0,-52.17100000000001,0.0
2026-01-14T08:24:15.853846,20668,241,-60.0,100,0,0,-52.081,0.0
2026-01-14T08:24:15.884389,20680,242,-47.0,100,0,0,-51.891000000000005,0.0
2026-01-14T08:24:16.077049,20780,243,-42.0,100,0,0,-51.531000000000006,0.0
2026-01-14T08:24:16.197295,20840,244,-42.0,100,0,0,-51.271,0.0
2026-01-14T08:24:16.400390,20936,245,-33.4,67,0,0,-51.336999999999996,0.0
2026-01-14T08:24:16.610792,21044,246,-40.2,91,0,0,-51.038999999999994,0.0
2026-01-14T08:24:16.851325,21168,247,-50.4,97,0,0,-51.05499999999999,0.0
2026-01-14T08:24:16.946668,21212,248,-25.4,42,0,0,-50.690999999999995,0.0
2026-01-14T08:24:16.980576,21224,249,-33.4,72,0,0,-50.57499999999999,0.0
2026-01-14T08:24:17.014418,21240,250,-46.0,100,0,0,-50.68299999999999,0.0
2026-01-14T08:24:17.208756,21344,251,-21.2,26,0,0,-50.47699999999999,0.0
2026-01-14T08:24:17.407126,21456,252,-50.4,72,0,0,-50.59699999999999,0.0
2026-01-14T08:24:17.638095,21572,253,-55.0,90,0,0,-50.507,0.0
2026-01-14T08:24:17.737128,21624,254,-40.2,100,0,0,-50.70099999999999,0.0
2026-01-14T08:24:17.969542,21740,255,-64.8,99,0,0,-50.644,0.0
2026-01-14T08:24:18.127241,21820,256,-49.2,91,0,0,-50.495999999999995,0.0
2026-01-14T08:24:18.220940,21864,257,-40.6,73,0,0,-49.906000000000006,0.0
2026-01-14T08:24:18.388838,21940,258,-39.8,79,0,0,-50.018,0.0
2026-01-14T08:24:18.558165,21996,259,-39.8,64,0,0,-49.346000000000004,0.0
2026-01-14T08:24:18.644801,22040,260,-46.8,44,0,0,-49.144000000000005,0.0
2026-01-14T08:24:18.753672,22084,261,-25.2,36,0,0,-48.87,0.0
2026-01-14T08:24:18.790825,22100,262,-22.2,26,0,0,-48.782,0.0
2026-01-14T08:24:18.957323,22180,263,-53.0,90,0,0,-48.66999999999999,0.0
2026-01-14T08:24:19.066655,22236,264,-19.8,34,0,0,-48.267999999999994,0.0
2026-01-14T08:24:19.139081,22260,265,-12.2,6,0,0,-47.42999999999999,0.0
2026-01-14T08:24:19.489288,22440,266,-41.0,100,0,0,-47.66,0.0
2026-01-14T08:24:19.587739,22484,267,-50.0,100,0,0,-47.44,0.0
2026-01-14T08:24:19.689306,22528,268,-12.2,11,0,0,-47.013999999999996,0.0
2026-01-14T08:24:19.714360,22532,269,-18.6,23,0,0,-46.54,0.0
2026-01-14T08:24:19.820960,22580,270,-49.0,100,0,0,-46.38999999999999,0.0
2026-01-14T08:24:19.961738,22648,271,-21.0,30,0,0,-45.97,0.0
2026-01-14T08:24:19.993530,22660,272,-44.0,100,0,0,-45.29,0.0
2026-01-14T08:24:20.155815,22736,273,-22.8,39,0,0,-45.208,0.0
2026-01-14T08:24:20.332124,22820,274,-39.4,72,0,0,-45.227999999999994,0.0
2026-01-14T08:24:20.578921,22956,275,-33.0,55,0,0,-44.998000000000005,0.0
2026-01-14T08:24:20.748386,23048,276,-47.0,100,0,0,-44.958,0.0
2026-01-14T08:24:20.783099,23060,277,-59.0,100,0,0,-45.371999999999986,0.0
2026-01-14T08:24:20.868102,23100,278,-39.0,70,0,0,-45.29,0.0
2026-01-14T08:24:21.102488,23220,279,-25.6,43,0,0,-45.006,0.0
2026-01-14T08:24:21.346194,23356,280,-42.0,100,0,0,-44.836000000000006,0.0
2026-01-14T08:24:21.376313,23364,281,-21.2,36,0,0,-44.838,0.0
2026-01-14T08:24:21.518261,23436,282,-44.8,94,0,0,-44.786,0.0
2026-01-14T08:24:21.639430,23500,283,-37.0,100,0,0,-44.77799999999999,0.0
2026-01-14T08:24:21.664178,23508,284,-27.6,38,0,0,-44.604,0.0
2026-01-14T08:24:22.042453,23716,285,-73.0,70,0,0,-44.604000000000006,0.0
2026-01-14T08:24:22.139262,23764,286,-38.0,100,0,0,-43.983999999999995,0.0
2026-01-14T08:24:22.417177,23900,287,-48.0,100,0,0,-44.29,0.0
2026-01-14T08:24:22.440303,23908,288,-51.0,100,0,0,-44.202999999999996,0.0
2026-01-14T08:24:22.841382,24116,289,-34.0,100,0,0,-43.79299999999999,0.0
2026-01-14T08:24:22.943345,24164,290,-70.0,100,0,0,-43.91299999999999,0.0
2026-01-14T08:24:23.052798,24220,291,-45.6,78,0,0,-43.71900000000001,0.0
2026-01-14T08:24:23.208105,24300,292,-63.0,100,0,0,-43.619,0.0
2026-01-14T08:24:23.452790,24416,293,-21.8,29,0,0,-43.533,0.0
2026-01-14T08:24:23.513723,24440,294,-45.2,81,0,0,-43.54900000000001,0.0
2026-01-14T08:24:23.747634,24564,295,-41.0,100,0,0,-43.645,0.0
2026-01-14T08:24:23.850197,24620,296,-41.0,100,0,0,-43.765,0.0
2026-01-14T08:24:24.064633,24732,297,-36.6,73,0,0,-43.416000000000004,0.0
2026-01-14T08:24:24.207843,24816,298,-87.0,100,0,0,-43.644000000000005,0.0
2026-01-14T08:24:24.473054,24964,299,-41.0,100,0,0,-43.49400000000001,0.0
2026-01-14T08:24:26.438991,25020,300,-41.0,100,0,0,-43.656000000000006,0.0
2026-01-14T08:24:26.462301,25024,301,-39.6,73,0,0,-43.41400000000001,0.0
2026-01-14T08:24:26.807306,25216,302,-40.0,100,0,0,-43.29200000000001,0.0
2026-01-14T08:24:26.892966,25260,303,-26.0,60,0,0,-42.786,0.0
2026-01-14T08:24:27.076115,25364,304,-34.0,100,0,0,-42.65200000000001,0.0
2026-01-14T08:24:27.187966,25424,305,-47.0,100,0,0,-42.532,0.0
2026-01-14T08:24:27.472351,25576,306,-64.8,79,0,0,-42.65,0.0
2026-01-14T08:24:27.548767,25616,307,-39.0,100,0,0,-42.644000000000005,0.0
2026-01-14T08:24:27.700981,25692,308,-45.8,82,0,0,-42.55200000000001,0.0
2026-01-14T08:24:27.953508,25824,309,-37.0,100,0,0,-42.422,0.0
2026-01-14T08:24:28.235727,25976,310,-42.0,100,0,0,-42.47,0.0
2026-01-14T08:24:28.316206,26008,311,-35.8,79,0,0,-42.44,0.0
2026-01-14T08:24:28.339206,26016,312,-81.0,100,0,0,-42.785999999999994,0.0
2026-01-14T08:24:28.608032,26148,313,-24.6,43,0,0,-42.552,0.0
2026-01-14T08:24:28.738052,26216,314,-29.0,50,0,0,-42.37200000000001,0.0
2026-01-14T08:24:28.759851,26224,315,-39.0,100,0,0,-42.36200000000001,0.0
2026-01-14T08:24:29.089509,26408,316,-36.0,100,0,0,-42.41,0.0
2026-01-14T08:24:29.339983,26548,317,-35.0,100,0,0,-42.15,0.0
2026-01-14T08:24:29.465228,26616,318,-43.0,100,0,0,-42.31799999999999,0.0
2026-01-14T08:24:29.482778,26624,319,-39.0,100,0,0,-42.172000000000004,0.0
2026-01-14T08:24:29.797835,26808,320,-44.0,100,0,0,-41.942,0.0
2026-01-14T08:24:30.046242,26948,321,-46.0,100,0,0,-42.04,0.0
2026-01-14T08:24:30.163059,27016,322,-35.0,100,0,0,-41.912,0.0
2026-01-14T08:24:30.180086,27024,323,-48.0,100,0,0,-41.562000000000005,0.0
2026-01-14T08:24:30.507493,27208,324,-36.0,100,0,0,-41.733999999999995,0.0
2026-01-14T08:24:30.772849,27348,325,-31.0,100,0,0,-41.657999999999994,0.0
2026-01-14T08:24:30.914726,27416,326,-30.0,100,0,0,-41.604,0.0
2026-01-14T08:24:30.914726,27416,327,-36.6,98,0,0,-41.37,0.0
2026-01-14T08:24:31.100639,27508,328,-22.0,40,0,0,-41.298,0.0
2026-01-14T08:24:31.289120,27608,329,-31.0,100,0,0,-41.06799999999999,0.0
2026-01-14T08:24:31.383911,27652,330,-20.2,36,0,0,-40.646,0.0
2026-01-14T08:24:31.672770,27816,331,-33.0,100,0,0,-40.496,0.0
2026-01-14T08:24:31.673756,27816,332,-32.0,100,0,0,-40.49,0.0
2026-01-14T08:24:32.013663,28008,333,-73.0,100,0,0,-40.75,0.0
2026-01-14T08:24:32.096888,28052,334,-28.0,100,0,0,-40.114000000000004,0.0
2026-01-14T08:24:32.388857,28216,335,-33.0,100,0,0,-40.058,0.0
2026-01-14T08:24:32.388857,28216,336,-38.0,100,0,0,-39.928000000000004,0.0
2026-01-14T08:24:32.736744,28408,337,-30.0,100,0,0,-39.732,0.0
2026-01-14T08:24:32.822891,28452,338,-33.0,100,0,0,-39.87,0.0
2026-01-14T08:24:33.134288,28616,339,-28.0,100,0,0,-39.538000000000004,0.0
2026-01-14T08:24:33.134288,28616,340,-25.0,100,0,0,-39.618,0.0
2026-01-14T08:24:33.567049,28808,341,-27.0,100,0,0,-39.288000000000004,0.0
2026-01-14T08:24:33.659941,28852,342,-24.0,100,0,0,-39.058,0.0
2026-01-14T08:24:33.982944,29016,343,-70.0,100,0,0,-39.338,0.0
2026-01-14T08:24:33.983953,29016,344,-25.0,100,0,0,-39.168,0.0
2026-01-14T08:24:34.332595,29208,345,-21.0,100,0,0,-39.044,0.0
2026-01-14T08:24:34.414271,29252,346,-29.0,100,0,0,-38.932,0.0
2026-01-14T08:24:34.699283,29416,347,-25.0,100,0,0,-38.678000000000004,0.0
2026-01-14T08:24:34.699283,29416,348,-24.0,100,0,0,-38.664,0.0
2026-01-14T08:24:35.033079,29608,349,-28.0,100,0,0,-38.61,0.0
2026-01-14T08:24:35.115178,29652,350,-27.0,100,0,0,-38.42,0.0
2026-01-14T08:24:35.420572,29816,351,-25.0,100,0,0,-38.458,0.0
2026-01-14T08:24:35.420572,29816,352,-25.0,100,0,0,-38.20399999999999,0.0
2026-01-14T08:24:37.669493,30008,353,-23.0,100,0,0,-37.884,0.0
2026-01-14T08:24:37.766067,30052,354,-21.0,100,0,0,-37.692,0.0
2026-01-14T08:24:38.094575,30216,355,-21.0,100,0,0,-37.254,0.0
2026-01-14T08:24:38.094575,30216,356,-22.0,100,0,0,-36.982,0.0
2026-01-14T08:24:38.480562,30408,357,-33.0,100,0,0,-36.906,0.0
2026-01-14T08:24:38.572379,30452,358,-35.0,100,0,0,-36.858000000000004,0.0
2026-01-14T08:24:38.890162,30616,359,-22.0,100,0,0,-36.68,0.0
2026-01-14T08:24:38.890162,30616,360,-21.0,100,0,0,-36.422000000000004,0.0
2026-01-14T08:24:39.254932,30808,361,-22.0,100,0,0,-36.39,0.0
2026-01-14T08:24:39.341220,30852,362,-22.0,100,0,0,-36.388000000000005,0.0
2026-01-14T08:24:39.641296,31016,363,-25.0,100,0,0,-36.108000000000004,0.0
2026-01-14T08:24:39.642322,31016,364,-26.0,100,0,0,-36.17,0.0
2026-01-14T08:24:39.989460,31208,365,-25.0,100,0,0,-36.298,0.0
2026-01-14T08:24:40.080066,31252,366,-38.0,100,0,0,-36.268,0.0
2026-01-14T08:24:40.389677,31416,367,-57.0,100,0,0,-36.338,0.0
2026-01-14T08:24:40.390678,31416,368,-23.0,100,0,0,-36.446000000000005,0.0
2026-01-14T08:24:40.749935,31608,369,-58.0,100,0,0,-36.84,0.0
2026-01-14T08:24:40.841450,31652,370,-24.0,100,0,0,-36.59,0.0
2026-01-14T08:24:41.158243,31816,371,-29.0,100,0,0,-36.67,0.0
2026-01-14T08:24:41.158243,31816,372,-27.2,100,0,0,-36.501999999999995,0.0
2026-01-14T08:24:41.528597,32008,373,-22.0,100,0,0,-36.494,0.0
2026-01-14T08:24:41.624889,32052,374,-56.0,100,0,0,-36.66,0.0
2026-01-14T08:24:41.931055,32216,375,-20.0,100,0,0,-36.53,0.0
2026-01-14T08:24:41.932047,32216,376,-21.0,100,0,0,-36.27,0.0
2026-01-14T08:24:42.145504,32320,377,-24.4,67,0,0,-35.924,0.0
2026-01-14T08:24:42.315433,32408,378,-25.0,100,0,0,-35.784,0.0
2026-01-14T08:24:42.700392,32616,379,-28.0,100,0,0,-35.808,0.0
2026-01-14T08:24:42.700392,32616,380,-26.0,100,0,0,-35.648,0.0
2026-01-14T08:24:42.903868,32720,381,-25.0,100,0,0,-35.686,0.0
2026-01-14T08:24:43.101250,32808,382,-24.0,100,0,0,-35.478,0.0
2026-01-14T08:24:43.102165,32808,383,-15.4,22,0,0,-35.262,0.0
2026-01-14T08:24:43.341576,32924,384,-16.8,29,0,0,-35.154,0.0
2026-01-14T08:24:43.548829,33016,385,-24.0,100,0,0,-34.664,0.0
2026-01-14T08:24:43.549815,33016,386,-25.0,100,0,0,-34.534,0.0
2026-01-14T08:24:43.914460,33208,387,-24.0,100,0,0,-34.294000000000004,0.0
2026-01-14T08:24:44.133123,33324,388,-22.0,100,0,0,-34.004,0.0
2026-01-14T08:24:44.328504,33416,389,-22.0,100,0,0,-33.884,0.0
2026-01-14T08:24:44.329519,33416,390,-23.0,100,0,0,-33.413999999999994,0.0
2026-01-14T08:24:44.687002,33608,391,-23.0,100,0,0,-33.188,0.0
2026-01-14T08:24:44.906159,33724,392,-24.0,100,0,0,-32.797999999999995,0.0
2026-01-14T08:24:45.097879,33816,393,-24.0,100,0,0,-32.82,0.0
2026-01-14T08:24:45.098988,33816,394,-22.0,100,0,0,-32.587999999999994,0.0
2026-01-14T08:24:45.449213,34008,395,-24.0,100,0,0,-32.418,0.0
2026-01-14T08:24:45.656715,34124,396,-23.0,100,0,0,-32.238,0.0
2026-01-14T08:24:45.858384,34216,397,-21.4,52,0,0,-32.086,0.0
2026-01-14T08:24:45.859369,34216,398,-25.0,100,0,0,-31.465999999999998,0.0
2026-01-14T08:24:45.859369,34216,399,-26.0,100,0,0,-31.316,0.0
2026-01-14T08:24:46.417766,34524,400,-27.0,100,0,0,-31.176,0.0
2026-01-14T08:24:46.615582,34616,401,-24.0,100,0,0,-31.02,0.0
2026-01-14T08:24:46.615582,34616,402,-24.0,100,0,0,-30.86,0.0
2026-01-14T08:24:46.616568,34616,403,-23.0,100,0,0,-30.83,0.0
2026-01-14T08:24:47.165633,34924,404,-25.0,100,0,0,-30.74,0.0
2026-01-14T08:24:49.300719,35016,405,-24.0,100,0,0,-30.51,0.0
2026-01-14T08:24:49.301732,35016,406,-24.0,100,0,0,-30.101999999999997,0.0
2026-01-14T08:24:49.301732,35016,407,-24.0,100,0,0,-29.951999999999998,0.0
2026-01-14T08:24:49.877631,35324,408,-23.0,100,0,0,-29.724,0.0
2026-01-14T08:24:50.071304,35416,409,-24.0,100,0,0,-29.593999999999998,0.0
2026-01-14T08:24:50.071304,35416,410,-26.0,100,0,0,-29.433999999999997,0.0
2026-01-14T08:24:50.072195,35416,411,-24.0,100,0,0,-29.316,0.0
2026-01-14T08:24:50.626559,35724,412,-26.0,100,0,0,-28.766,0.0
2026-01-14T08:24:50.820522,35816,413,-24.0,100,0,0,-28.76,0.0
2026-01-14T08:24:50.822028,35816,414,-25.0,100,0,0,-28.72,0.0
2026-01-14T08:24:50.822028,35816,415,-24.0,100,0,0,-28.57,0.0
2026-01-14T08:24:51.401647,36124,416,-50.0,100,0,0,-28.71,0.0
2026-01-14T08:24:51.603051,36216,417,-24.0,100,0,0,-28.6,0.0
2026-01-14T08:24:51.604553,36216,418,-40.0,100,0,0,-28.57,0.0
2026-01-14T08:24:51.604553,36216,419,-25.0,100,0,0,-28.43,0.0
2026-01-14T08:24:52.173971,36524,420,-53.0,100,0,0,-28.52,0.0
2026-01-14T08:24:52.369361,36616,421,-28.0,100,0,0,-28.34,0.0
2026-01-14T08:24:52.369361,36616,422,-39.0,100,0,0,-28.38,0.0
2026-01-14T08:24:52.370363,36616,423,-25.0,100,0,0,-28.15,0.0
2026-01-14T08:24:52.931080,36924,424,-26.0,100,0,0,-28.05,0.0
2026-01-14T08:24:53.129516,37016,425,-25.0,100,0,0,-27.99,0.0
2026-01-14T08:24:53.129516,37016,426,-25.0,100,0,0,-27.94,0.0
2026-01-14T08:24:53.130501,37016,427,-43.0,100,0,0,-28.004,0.0
2026-01-14T08:24:53.685633,37324,428,-26.0,100,0,0,-28.043999999999997,0.0
2026-01-14T08:24:53.869193,37416,429,-27.0,100,0,0,-28.003999999999998,0.0
2026-01-14T08:24:53.870197,37416,430,-26.0,100,0,0,-28.061999999999998,0.0
2026-01-14T08:24:53.870726,37416,431,-116.0,100,0,0,-28.892,0.0
2026-01-14T08:24:54.426458,37724,432,-26.0,100,0,0,-28.831999999999997,0.0
2026-01-14T08:24:54.627672,37816,433,-25.0,100,0,0,-28.351999999999997,0.0
2026-01-14T08:24:54.628670,37816,434,-24.0,100,0,0,-28.311999999999998,0.0
2026-01-14T08:24:54.628670,37816,435,-25.0,100,0,0,-28.232,0.0
2026-01-14T08:24:55.159059,38124,436,-23.0,100,0,0,-28.081999999999997,0.0
2026-01-14T08:24:55.341207,38216,437,-23.0,100,0,0,-28.011999999999997,0.0
2026-01-14T08:24:55.342206,38216,438,-24.0,100,0,0,-27.921999999999997,0.0
2026-01-14T08:24:55.342206,38216,439,-24.0,100,0,0,-27.881999999999998,0.0
2026-01-14T08:24:55.898504,38524,440,-24.0,100,0,0,-27.872,0.0
2026-01-14T08:24:56.039445,38592,441,-65.8,94,0,0,-28.26,0.0
2026-01-14T08:24:56.101644,38616,442,-23.0,100,0,0,-28.25,0.0
2026-01-14T08:24:56.102731,38616,443,-23.0,100,0,0,-27.78,0.0
2026-01-14T08:24:56.474205,38820,444,-25.8,74,0,0,-27.788,0.0
2026-01-14T08:24:56.770244,38992,445,-21.0,100,0,0,-27.788,0.0
2026-01-14T08:24:56.828857,39016,446,-21.0,100,0,0,-27.708000000000002,0.0
2026-01-14T08:24:56.828857,39016,447,-20.0,100,0,0,-27.658,0.0
2026-01-14T08:24:56.925315,39052,448,-12.8,9,0,0,-27.546000000000003,0.0
2026-01-14T08:24:57.229304,39220,449,-22.0,100,0,0,-27.486000000000004,0.0
2026-01-14T08:24:57.534394,39392,450,-22.0,100,0,0,-27.436000000000003,0.0
2026-01-14T08:24:57.585811,39416,451,-23.0,100,0,0,-27.416000000000004,0.0
2026-01-14T08:24:57.649986,39452,452,-20.0,100,0,0,-27.366000000000003,0.0
2026-01-14T08:24:57.945353,39620,453,-24.0,100,0,0,-27.375999999999998,0.0
2026-01-14T08:24:58.238877,39792,454,-99.0,100,0,0,-28.156000000000002,0.0
2026-01-14T08:24:58.290759,39816,455,-24.0,100,0,0,-28.186,0.0
2026-01-14T08:24:58.358576,39852,456,-24.0,100,0,0,-28.206000000000003,0.0
2026-01-14T08:25:00.470921,40020,457,-23.0,100,0,0,-28.105999999999998,0.0
2026-01-14T08:25:00.789809,40192,458,-26.0,100,0,0,-28.016000000000005,0.0
2026-01-14T08:25:00.845548,40216,459,-24.0,100,0,0,-28.035999999999998,0.0
2026-01-14T08:25:00.921430,40252,460,-25.0,100,0,0,-28.076000000000004,0.0
2026-01-14T08:25:01.318641,40420,461,-27.0,100,0,0,-28.125999999999998,0.0
2026-01-14T08:25:01.620809,40592,462,-26.0,100,0,0,-28.166000000000004,0.0
2026-01-14T08:25:01.676711,40616,463,-24.0,100,0,0,-28.156,0.0
2026-01-14T08:25:01.756331,40652,464,-27.0,100,0,0,-28.166000000000004,0.0
2026-01-14T08:25:02.073383,40820,465,-25.0,100,0,0,-28.166,0.0
2026-01-14T08:25:02.367867,40992,466,-23.0,100,0,0,-28.016000000000005,0.0
2026-01-14T08:25:02.419730,41016,467,-22.0,100,0,0,-27.666,0.0
2026-01-14T08:25:02.489109,41052,468,-21.0,100,0,0,-27.646000000000004,0.0
2026-01-14T08:25:02.785026,41220,469,-22.0,100,0,0,-27.285999999999998,0.0
2026-01-14T08:25:03.081552,41392,470,-22.0,100,0,0,-27.266000000000005,0.0
2026-01-14T08:25:03.139274,41416,471,-23.0,100,0,0,-27.206,0.0
2026-01-14T08:25:03.206189,41452,472,-24.0,100,0,0,-27.174,0.0
2026-01-14T08:25:03.522010,41620,473,-20.0,100,0,0,-27.153999999999996,0.0
2026-01-14T08:25:03.864623,41792,474,-25.0,100,0,0,-26.843999999999998,0.0
2026-01-14T08:25:03.918958,41816,475,-23.0,100,0,0,-26.873999999999995,0.0
2026-01-14T08:25:03.988263,41852,476,-45.4,100,0,0,-27.118000000000002,0.0
2026-01-14T08:25:04.290284,42020,477,-26.0,100,0,0,-27.134,0.0
2026-01-14T08:25:04.566527,42192,478,-22.0,100,0,0,-27.104,0.0
2026-01-14T08:25:04.616861,42216,479,-21.0,100,0,0,-27.034000000000002,0.0
2026-01-14T08:25:04.687155,42252,480,-22.0,100,0,0,-26.994,0.0
2026-01-14T08:25:05.013673,42420,481,-25.0,100,0,0,-26.994,0.0
2026-01-14T08:25:05.338758,42592,482,-25.0,100,0,0,-27.003999999999998,0.0
2026-01-14T08:25:05.395507,42616,483,-21.0,100,0,0,-27.06,0.0
2026-01-14T08:25:05.464773,42652,484,-25.0,100,0,0,-27.142,0.0
2026-01-14T08:25:05.785549,42820,485,-23.0,100,0,0,-27.131999999999998,0.0
2026-01-14T08:25:06.111452,42992,486,-22.0,100,0,0,-27.101999999999997,0.0
2026-01-14T08:25:06.168845,43016,487,-24.0,100,0,0,-27.101999999999997,0.0
2026-01-14T08:25:06.246774,43052,488,-23.0,100,0,0,-27.112,0.0
2026-01-14T08:25:06.563669,43220,489,-23.0,100,0,0,-27.122,0.0
2026-01-14T08:25:06.876908,43392,490,-21.0,100,0,0,-27.101999999999997,0.0
2026-01-14T08:25:06.930630,43416,491,-22.0,100,0,0,-27.092,0.0
2026-01-14T08:25:06.999573,43452,492,-21.0,100,0,0,-27.061999999999998,0.0
2026-01-14T08:25:07.329359,43620,493,-21.0,100,0,0,-27.031999999999996,0.0
2026-01-14T08:25:07.634378,43792,494,-21.0,100,0,0,-27.022,0.0
2026-01-14T08:25:07.687660,43816,495,-22.0,100,0,0,-27.002,0.0
2026-01-14T08:25:07.755270,43852,496,-46.0,100,0,0,-27.232,0.0
2026-01-14T08:25:08.053326,44020,497,-25.0,100,0,0,-27.268,0.0
2026-01-14T08:25:08.353515,44192,498,-27.0,100,0,0,-27.288,0.0
2026-01-14T08:25:08.404235,44216,499,-27.0,100,0,0,-27.298000000000002,0.0
2026-01-14T08:25:08.465915,44244,500,-29.2,56,0,0,-27.32,0.0
2026-01-14T08:25:08.491770,44252,501,-27.0,100,0,0,-27.35,0.0
2026-01-14T08:25:09.126648,44592,502,-27.0,100,0,0,-27.38,0.0
2026-01-14T08:25:09.182661,44616,503,-25.0,100,0,0,-27.4,0.0
2026-01-14T08:25:09.251295,44644,504,-24.0,100,0,0,-27.39,0.0
2026-01-14T08:25:09.275792,44652,505,-27.0,100,0,0,-27.42,0.0
2026-01-14T08:25:09.931596,44992,506,-51.0,100,0,0,-27.69,0.0
2026-01-14T08:25:11.948374,45016,507,-118.0,100,0,0,-28.63,0.0
2026-01-14T08:25:12.018390,45044,508,-28.0,100,0,0,-28.68,0.0
2026-01-14T08:25:12.045783,45052,509,-24.0,100,0,0,-28.68,0.0
2026-01-14T08:25:12.618298,45392,510,-55.0,100,0,0,-28.97,0.0
2026-01-14T08:25:12.669577,45416,511,-108.0,100,0,0,-29.81,0.0
2026-01-14T08:25:12.736332,45444,512,-20.0,100,0,0,-29.75,0.0
2026-01-14T08:25:12.759595,45452,513,-59.0,100,0,0,-30.1,0.0
2026-01-14T08:25:13.394910,45792,514,-65.0,100,0,0,-30.5,0.0
2026-01-14T08:25:13.449201,45816,515,-22.0,100,0,0,-30.48,0.0
2026-01-14T08:25:13.508789,45844,516,-46.0,100,0,0,-30.44,0.0
2026-01-14T08:25:13.541776,45852,517,-22.0,100,0,0,-30.42,0.0
2026-01-14T08:25:14.167775,46192,518,-25.0,100,0,0,-30.27,0.0
2026-01-14T08:25:14.226208,46216,519,-29.0,100,0,0,-30.31,0.0
2026-01-14T08:25:14.285729,46244,520,-26.0,100,0,0,-30.04,0.0
2026-01-14T08:25:14.308775,46252,521,-27.0,100,0,0,-30.03,0.0
2026-01-14T08:25:14.899997,46592,522,-24.0,100,0,0,-29.88,0.0
2026-01-14T08:25:14.954063,46616,523,-23.0,100,0,0,-29.86,0.0
2026-01-14T08:25:15.011939,46644,524,-22.0,100,0,0,-29.82,0.0
2026-01-14T08:25:15.040462,46652,525,-22.0,100,0,0,-29.79,0.0
2026-01-14T08:25:15.629720,46992,526,-23.0,100,0,0,-29.77,0.0
2026-01-14T08:25:15.681131,47016,527,-25.0,100,0,0,-29.59,0.0
2026-01-14T08:25:15.740114,47044,528,-24.0,100,0,0,-29.57,0.0
2026-01-14T08:25:15.761286,47052,529,-25.0,100,0,0,-29.55,0.0
2026-01-14T08:25:16.361215,47392,530,-22.0,100,0,0,-29.51,0.0
2026-01-14T08:25:16.414015,47416,531,-23.0,100,0,0,-28.58,0.0
2026-01-14T08:25:16.477351,47444,532,-22.0,100,0,0,-28.54,0.0
2026-01-14T08:25:16.573457,47452,533,-22.0,100,0,0,-28.51,0.0
2026-01-14T08:25:16.970728,47668,534,-31.8,69,0,0,-28.588,0.0
2026-01-14T08:25:17.187783,47776,535,-32.6,83,0,0,-28.664,0.0
2026-01-14T08:25:17.275231,47816,536,-26.0,100,0,0,-28.694000000000003,0.0
2026-01-14T08:25:17.350900,47852,537,-28.0,100,0,0,-28.744,0.0
2026-01-14T08:25:17.617759,48000,538,-31.6,83,0,0,-28.819999999999997,0.0
2026-01-14T08:25:17.937599,48176,539,-72.0,100,0,0,-29.3,0.0
2026-01-14T08:25:18.010475,48216,540,-21.0,100,0,0,-29.269999999999996,0.0
2026-01-14T08:25:18.084834,48252,541,-21.0,100,0,0,-28.822000000000003,0.0
2026-01-14T08:25:18.331689,48400,542,-21.0,100,0,0,-28.802,0.0
2026-01-14T08:25:18.635105,48576,543,-26.0,100,0,0,-28.832000000000004,0.0
2026-01-14T08:25:18.713544,48616,544,-63.0,100,0,0,-29.204,0.0
2026-01-14T08:25:18.788765,48652,545,-29.0,100,0,0,-29.284000000000002,0.0
2026-01-14T08:25:19.055633,48800,546,-27.0,100,0,0,-29.344,0.0
2026-01-14T08:25:19.414568,48976,547,-24.0,100,0,0,-29.384,0.0
2026-01-14T08:25:19.506043,49016,548,-24.0,100,0,0,-29.496000000000002,0.0
2026-01-14T08:25:19.580815,49052,549,-24.0,100,0,0,-29.516000000000005,0.0
2026-01-14T08:25:19.854585,49200,550,-24.0,100,0,0,-29.536000000000005,0.0
2026-01-14T08:25:20.178412,49376,551,-21.0,100,0,0,-29.516,0.0
2026-01-14T08:25:20.264311,49416,552,-22.0,100,0,0,-29.536000000000005,0.0
2026-01-14T08:25:20.344714,49452,553,-23.0,100,0,0,-29.526000000000003,0.0
2026-01-14T08:25:20.629989,49600,554,-23.0,100,0,0,-28.766000000000005,0.0
2026-01-14T08:25:20.959930,49776,555,-22.0,100,0,0,-28.746,0.0
2026-01-14T08:25:21.040032,49816,556,-23.0,100,0,0,-28.736000000000004,0.0
2026-01-14T08:25:21.113092,49852,557,-22.0,100,0,0,-28.726000000000003,0.0
2026-01-14T08:25:21.378322,50000,558,-22.0,100,0,0,-28.686000000000003,0.0
2026-01-14T08:25:23.532903,50176,559,-22.0,100,0,0,-28.666,0.0
2026-01-14T08:25:23.616683,50216,560,-26.0,100,0,0,-28.676000000000002,0.0
2026-01-14T08:25:23.706039,50252,561,-25.0,100,0,0,-28.656000000000002,0.0
2026-01-14T08:25:23.974993,50400,562,-27.0,100,0,0,-28.666000000000004,0.0
2026-01-14T08:25:24.294582,50576,563,-23.0,100,0,0,-28.656,0.0
2026-01-14T08:25:24.374816,50616,564,-24.0,100,0,0,-28.626000000000005,0.0
2026-01-14T08:25:24.450951,50652,565,-23.0,100,0,0,-28.606000000000005,0.0
2026-01-14T08:25:24.731003,50800,566,-23.0,100,0,0,-28.606000000000005,0.0
2026-01-14T08:25:25.075076,50976,567,-23.0,100,0,0,-28.616,0.0
2026-01-14T08:25:25.165705,51016,568,-23.0,100,0,0,-28.636000000000003,0.0
2026-01-14T08:25:25.249489,51052,569,-23.0,100,0,0,-28.646000000000004,0.0
2026-01-14T08:25:25.532565,51200,570,-21.0,100,0,0,-28.636000000000003,0.0
2026-01-14T08:25:25.854535,51376,571,-60.0,100,0,0,-29.006,0.0
2026-01-14T08:25:25.934845,51416,572,-23.0,100,0,0,-28.996000000000002,0.0
2026-01-14T08:25:26.005395,51452,573,-23.0,100,0,0,-29.026000000000003,0.0
2026-01-14T08:25:26.267449,51600,574,-23.0,100,0,0,-29.006000000000004,0.0
2026-01-14T08:25:26.601230,51776,575,-25.0,100,0,0,-29.026,0.0
2026-01-14T08:25:26.686775,51816,576,-24.0,100,0,0,-28.812,0.0
2026-01-14T08:25:26.767885,51852,577,-24.0,100,0,0,-28.792,0.0
2026-01-14T08:25:27.051133,52000,578,-23.0,100,0,0,-28.802,0.0
2026-01-14T08:25:27.374884,52176,579,-22.0,100,0,0,-28.811999999999998,0.0
2026-01-14T08:25:27.456174,52216,580,-22.0,100,0,0,-28.812,0.0
2026-01-14T08:25:27.531172,52252,581,-22.0,100,0,0,-28.782000000000004,0.0
2026-01-14T08:25:27.798537,52400,582,-23.0,100,0,0,-28.761999999999997,0.0
2026-01-14T08:25:28.139715,52576,583,-21.0,100,0,0,-28.761999999999997,0.0
2026-01-14T08:25:28.226949,52616,584,-23.0,100,0,0,-28.742000000000004,0.0
2026-01-14T08:25:28.303925,52652,585,-68.0,100,0,0,-29.192000000000004,0.0
2026-01-14T08:25:28.568054,52800,586,-24.0,100,0,0,-29.212,0.0
2026-01-14T08:25:28.885820,52976,587,-25.0,100,0,0,-29.221999999999998,0.0
2026-01-14T08:25:28.964502,53016,588,-25.0,100,0,0,-29.242000000000004,0.0
2026-01-14T08:25:29.035973,53052,589,-26.0,100,0,0,-29.272000000000002,0.0
2026-01-14T08:25:29.289654,53200,590,-27.0,100,0,0,-29.331999999999997,0.0
2026-01-14T08:25:29.593333,53368,591,-19.4,42,0,0,-29.305999999999997,0.0
2026-01-14T08:25:29.610465,53376,592,-49.0,100,0,0,-29.586000000000002,0.0
2026-01-14T08:25:29.693952,53416,593,-26.0,100,0,0,-29.636000000000003,0.0
2026-01-14T08:25:29.770017,53452,594,-27.0,100,0,0,-29.695999999999998,0.0
2026-01-14T08:25:29.995627,53572,595,-22.8,49,0,0,-29.704,0.0
2026-01-14T08:25:30.349261,53768,596,-27.0,100,0,0,-29.514000000000006,0.0
2026-01-14T08:25:30.454534,53816,597,-25.0,100,0,0,-29.514000000000006,0.0
2026-01-14T08:25:30.525365,53852,598,-25.0,100,0,0,-29.494,0.0
2026-01-14T08:25:30.757923,53972,599,-23.0,100,0,0,-29.454,0.0
2026-01-14T08:25:31.126339,54168,600,-23.0,100,0,0,-29.392,0.0
2026-01-14T08:25:31.223031,54216,601,-21.0,100,0,0,-29.331999999999997,0.0
2026-01-14T08:25:31.292749,54252,602,-22.0,100,0,0,-29.281999999999996,0.0
2026-01-14T08:25:31.505518,54372,603,-22.0,100,0,0,-29.252,0.0
2026-01-14T08:25:31.842977,54568,604,-21.0,100,0,0,-29.221999999999998,0.0
2026-01-14T08:25:31.937196,54616,605,-22.0,100,0,0,-29.171999999999997,0.0
2026-01-14T08:25:32.004031,54652,606,-21.0,100,0,0,-28.872,0.0
2026-01-14T08:25:32.216045,54772,607,-27.0,100,0,0,-27.962,0.0
2026-01-14T08:25:32.572261,54968,608,-27.0,100,0,0,-27.951999999999998,0.0
2026-01-14T08:25:32.622834,54992,609,-33.0,85,0,0,-28.041999999999998,0.0
2026-01-14T08:25:34.595903,55016,610,-31.0,100,0,0,-27.802,0.0
2026-01-14T08:25:34.920685,55172,611,-23.0,100,0,0,-26.951999999999998,0.0
2026-01-14T08:25:35.270077,55368,612,-27.0,100,0,0,-27.022,0.0
2026-01-14T08:25:35.327144,55392,613,-26.0,100,0,0,-26.691999999999997,0.0
2026-01-14T08:25:35.382729,55416,614,-23.0,100,0,0,-26.272,0.0
2026-01-14T08:25:35.694745,55572,615,-27.0,100,0,0,-26.322,0.0
2026-01-14T08:25:35.939126,55696,616,-30.2,76,0,0,-26.163999999999998,0.0
2026-01-14T08:25:36.101448,55768,617,-24.0,100,0,0,-26.183999999999997,0.0
2026-01-14T08:25:36.195411,55816,618,-26.0,100,0,0,-26.193999999999996,0.0
2026-01-14T08:25:36.500724,55972,619,-23.0,100,0,0,-26.133999999999997,0.0
2026-01-14T08:25:36.734676,56096,620,-22.0,100,0,0,-26.094,0.0
2026-01-14T08:25:36.874864,56168,621,-21.0,100,0,0,-26.034000000000002,0.0
2026-01-14T08:25:36.966263,56216,622,-21.0,100,0,0,-26.004,0.0
2026-01-14T08:25:37.240796,56372,623,-21.0,100,0,0,-25.984,0.0
2026-01-14T08:25:37.469057,56496,624,-21.0,100,0,0,-25.974,0.0
2026-01-14T08:25:37.609857,56568,625,-21.0,100,0,0,-25.964000000000002,0.0
2026-01-14T08:25:37.711905,56616,626,-22.0,100,0,0,-25.954,0.0
2026-01-14T08:25:38.002468,56772,627,-21.0,100,0,0,-25.914,0.0
2026-01-14T08:25:38.222979,56896,628,-23.0,100,0,0,-25.904,0.0
2026-01-14T08:25:38.359304,56968,629,-25.0,100,0,0,-25.904,0.0
2026-01-14T08:25:38.451122,57016,630,-26.0,100,0,0,-25.944000000000003,0.0
2026-01-14T08:25:38.728908,57172,631,-27.0,100,0,0,-25.984,0.0
2026-01-14T08:25:38.948442,57296,632,-26.0,100,0,0,-26.024,0.0
2026-01-14T08:25:39.085897,57368,633,-26.0,100,0,0,-26.064,0.0
2026-01-14T08:25:39.185074,57416,634,-104.0,100,0,0,-26.786000000000005,0.0
2026-01-14T08:25:39.405235,57536,635,-22.0,60,0,0,-26.68,0.0
2026-01-14T08:25:39.487083,57572,636,-20.0,100,0,0,-26.62,0.0
2026-01-14T08:25:39.660696,57648,637,-15.6,28,0,0,-26.496,0.0
2026-01-14T08:25:39.896921,57768,638,-22.0,100,0,0,-26.399999999999995,0.0
2026-01-14T08:25:40.009386,57816,639,-23.0,100,0,0,-25.91,0.0
2026-01-14T08:25:40.336961,57972,640,-22.0,100,0,0,-25.919999999999995,0.0
2026-01-14T08:25:40.483669,58048,641,-22.0,100,0,0,-25.93,0.0
2026-01-14T08:25:40.704961,58168,642,-22.0,100,0,0,-25.94,0.0
2026-01-14T08:25:40.792343,58216,643,-22.0,100,0,0,-25.9,0.0
2026-01-14T08:25:41.056721,58372,644,-117.0,100,0,0,-26.44,0.0
2026-01-14T08:25:41.206395,58448,645,-21.0,100,0,0,-26.36,0.0
2026-01-14T08:25:41.440944,58568,646,-22.0,100,0,0,-26.31,0.0
2026-01-14T08:25:41.533989,58616,647,-23.0,100,0,0,-26.3,0.0
2026-01-14T08:25:41.818482,58772,648,-21.0,100,0,0,-26.27,0.0
2026-01-14T08:25:41.963559,58848,649,-25.0,100,0,0,-26.28,0.0
2026-01-14T08:25:42.178196,58968,650,-22.0,100,0,0,-26.26,0.0
2026-01-14T08:25:42.264274,59016,651,-24.0,100,0,0,-26.29,0.0
2026-01-14T08:25:42.539821,59172,652,-24.0,100,0,0,-26.31,0.0
2026-01-14T08:25:42.679460,59248,653,-23.0,100,0,0,-26.31,0.0
2026-01-14T08:25:42.899952,59368,654,-23.0,100,0,0,-26.31,0.0
2026-01-14T08:25:43.000993,59416,655,-23.0,100,0,0,-26.32,0.0
2026-01-14T08:25:43.313053,59572,656,-23.0,100,0,0,-26.32,0.0
2026-01-14T08:25:43.461125,59648,657,-21.0,100,0,0,-26.31,0.0
2026-01-14T08:25:43.694612,59768,658,-25.0,100,0,0,-26.34,0.0
2026-01-14T08:25:43.792779,59816,659,-25.0,100,0,0,-26.37,0.0
2026-01-14T08:25:44.092626,59972,660,-27.0,100,0,0,-26.38,0.0
2026-01-14T08:25:46.193156,60048,661,-26.0,100,0,0,-26.39,0.0
2026-01-14T08:25:46.432260,60168,662,-26.0,100,0,0,-26.38,0.0
2026-01-14T08:25:46.527251,60216,663,-24.0,100,0,0,-26.39,0.0
2026-01-14T08:25:46.847675,60372,664,-27.0,100,0,0,-26.42,0.0
2026-01-14T08:25:46.988521,60448,665,-24.0,100,0,0,-26.43,0.0
2026-01-14T08:25:47.206678,60568,666,-24.0,100,0,0,-26.44,0.0
2026-01-14T08:25:47.295247,60616,667,-26.0,100,0,0,-26.47,0.0
2026-01-14T08:25:47.540411,60772,668,-25.0,100,0,0,-26.49,0.0
2026-01-14T08:25:47.664935,60848,669,-24.0,100,0,0,-26.5,0.0
2026-01-14T08:25:47.873461,60968,670,-23.0,100,0,0,-26.52,0.0
2026-01-14T08:25:47.962735,61016,671,-23.0,100,0,0,-26.15,0.0
2026-01-14T08:25:48.237015,61172,672,-23.0,100,0,0,-26.15,0.0
2026-01-14T08:25:48.396320,61248,673,-26.0,100,0,0,-26.18,0.0
2026-01-14T08:25:48.586484,61352,674,-16.2,26,0,0,-26.112,0.0
2026-01-14T08:25:48.690555,61368,675,-24.0,100,0,0,-26.101999999999997,0.0
2026-01-14T08:25:48.781879,61416,676,-25.0,100,0,0,-26.112,0.0
2026-01-14T08:25:49.067484,61572,677,-23.0,100,0,0,-26.101999999999997,0.0
2026-01-14T08:25:49.382762,61752,678,-22.0,100,0,0,-26.092,0.0
2026-01-14T08:25:49.418439,61768,679,-22.0,100,0,0,-26.092,0.0
2026-01-14T08:25:49.509337,61816,680,-24.0,100,0,0,-26.112,0.0
2026-01-14T08:25:49.793662,61972,681,-40.0,100,0,0,-26.291999999999998,0.0
2026-01-14T08:25:50.141937,62152,682,-27.0,100,0,0,-26.331999999999997,0.0
2026-01-14T08:25:50.178516,62168,683,-25.0,100,0,0,-26.372,0.0
2026-01-14T08:25:50.278509,62216,684,-58.0,100,0,0,-26.721999999999998,0.0
2026-01-14T08:25:50.576020,62372,685,-22.0,100,0,0,-26.261999999999997,0.0
2026-01-14T08:25:50.914889,62552,686,-26.0,100,0,0,-26.281999999999996,0.0
2026-01-14T08:25:50.952189,62568,687,-27.0,100,0,0,-26.302,0.0
2026-01-14T08:25:51.045992,62616,688,-27.0,100,0,0,-26.322,0.0
2026-01-14T08:25:51.338417,62772,689,-44.0,100,0,0,-26.502,0.0
2026-01-14T08:25:51.656062,62952,690,-21.0,100,0,0,-26.441999999999997,0.0
2026-01-14T08:25:51.693252,62968,691,-22.0,100,0,0,-26.468000000000004,0.0
2026-01-14T08:25:51.790190,63016,692,-23.0,100,0,0,-26.208000000000002,0.0
2026-01-14T08:25:52.119095,63172,693,-23.0,100,0,0,-26.178,0.0
2026-01-14T08:25:52.488230,63352,694,-23.0,100,0,0,-26.138,0.0
2026-01-14T08:25:52.527696,63368,695,-23.0,100,0,0,-26.14,0.0
2026-01-14T08:25:52.620256,63416,696,-24.0,100,0,0,-26.11,0.0
2026-01-14T08:25:52.689850,63444,697,-24.8,19,0,0,-26.108,0.0
2026-01-14T08:25:52.945298,63572,698,-25.0,100,0,0,-26.108,0.0
2026-01-14T08:25:53.293367,63752,699,-23.0,100,0,0,-26.108,0.0
2026-01-14T08:25:53.402369,63808,700,-33.2,91,0,0,-26.21,0.0
2026-01-14T08:25:53.436117,63816,701,-23.4,100,0,0,-26.234,0.0
2026-01-14T08:25:53.730193,63972,702,-25.0,100,0,0,-26.264,0.0
2026-01-14T08:25:54.061618,64152,703,-24.0,100,0,0,-26.284000000000002,0.0
2026-01-14T08:25:54.165280,64208,704,-23.0,100,0,0,-26.304000000000002,0.0
2026-01-14T08:25:54.195255,64216,705,-23.0,100,0,0,-26.314,0.0
2026-01-14T08:25:54.475037,64372,706,-24.0,100,0,0,-26.344,0.0
2026-01-14T08:25:54.790681,64552,707,-25.0,100,0,0,-26.324,0.0
2026-01-14T08:25:54.900186,64608,708,-90.0,100,0,0,-26.954,0.0
2026-01-14T08:25:54.929867,64616,709,-62.0,100,0,0,-27.244,0.0
2026-01-14T08:25:55.239633,64772,710,-23.0,100,0,0,-27.164,0.0
2026-01-14T08:25:55.571687,64952,711,-44.0,100,0,0,-27.374000000000002,0.0
2026-01-14T08:25:57.604212,65008,712,-62.0,100,0,0,-27.724,0.0
2026-01-14T08:25:57.635212,65016,713,-26.0,100,0,0,-27.724,0.0
2026-01-14T08:25:57.949934,65172,714,-28.0,100,0,0,-27.774,0.0
2026-01-14T08:25:58.314021,65352,715,-25.0,100,0,0,-27.754,0.0
2026-01-14T08:25:58.427497,65408,716,-26.0,100,0,0,-27.712,0.0
2026-01-14T08:25:58.457118,65416,717,-25.0,100,0,0,-27.721999999999998,0.0
2026-01-14T08:25:58.752704,65572,718,-27.0,100,0,0,-27.732,0.0
2026-01-14T08:25:59.094028,65752,719,-68.0,100,0,0,-28.182,0.0
2026-01-14T08:25:59.207299,65808,720,-28.0,100,0,0,-28.241999999999997,0.0
2026-01-14T08:25:59.239444,65816,721,-54.0,100,0,0,-28.572,0.0
2026-01-14T08:25:59.551354,65972,722,-24.0,100,0,0,-28.601999999999997,0.0
2026-01-14T08:25:59.866656,66152,723,-22.0,100,0,0,-28.612,0.0
2026-01-14T08:25:59.968691,66208,724,-24.0,100,0,0,-28.642,0.0
2026-01-14T08:25:59.999876,66216,725,-24.0,100,0,0,-28.671999999999997,0.0
2026-01-14T08:26:00.289019,66372,726,-22.0,100,0,0,-28.671999999999997,0.0
2026-01-14T08:26:00.629784,66552,727,-22.0,100,0,0,-28.682,0.0
2026-01-14T08:26:00.735464,66608,728,-20.0,100,0,0,-28.651999999999997,0.0
2026-01-14T08:26:00.764347,66616,729,-50.0,100,0,0,-28.901999999999997,0.0
2026-01-14T08:26:01.055743,66772,730,-22.0,100,0,0,-28.862,0.0
2026-01-14T08:26:01.380461,66952,731,-24.0,100,0,0,-28.831999999999997,0.0
2026-01-14T08:26:01.488331,67008,732,-33.0,100,0,0,-28.901999999999997,0.0
2026-01-14T08:26:01.521163,67016,733,-26.0,100,0,0,-28.901999999999997,0.0
2026-01-14T08:26:01.804619,67172,734,-23.4,100,0,0,-28.096,0.0
2026-01-14T08:26:02.143273,67352,735,-24.0,100,0,0,-28.116,0.0
2026-01-14T08:26:02.323162,67408,736,-25.0,100,0,0,-28.166,0.0
2026-01-14T08:26:02.353138,67416,737,-23.0,100,0,0,-28.24,0.0
2026-01-14T08:26:02.639531,67572,738,-24.0,100,0,0,-28.26,0.0
2026-01-14T08:26:02.966582,67752,739,-23.0,100,0,0,-28.26,0.0
2026-01-14T08:26:03.066100,67808,740,-22.0,100,0,0,-28.26,0.0
2026-01-14T08:26:03.098110,67816,741,-22.0,100,0,0,-28.26,0.0
2026-01-14T08:26:03.386836,67972,742,-27.0,100,0,0,-28.31,0.0
2026-01-14T08:26:03.723175,68152,743,-28.0,100,0,0,-28.37,0.0
2026-01-14T08:26:03.828901,68208,744,-28.0,100,0,0,-27.48,0.0
2026-01-14T08:26:03.856953,68216,745,-27.0,100,0,0,-27.54,0.0
2026-01-14T08:26:04.152068,68372,746,-25.0,100,0,0,-27.57,0.0
2026-01-14T08:26:04.471050,68552,747,-21.0,100,0,0,-27.55,0.0
2026-01-14T08:26:04.575490,68608,748,-23.0,100,0,0,-27.57,0.0
2026-01-14T08:26:04.605812,68616,749,-22.0,100,0,0,-27.54,0.0
2026-01-14T08:26:04.872987,68772,750,-24.0,100,0,0,-27.56,0.0
2026-01-14T08:26:05.178118,68952,751,-24.0,100,0,0,-27.56,0.0
2026-01-14T08:26:05.278231,69008,752,-24.0,100,0,0,-27.56,0.0
2026-01-14T08:26:05.308410,69016,753,-25.0,100,0,0,-27.58,0.0
2026-01-14T08:26:05.590721,69172,754,-23.0,100,0,0,-27.58,0.0
2026-01-14T08:26:05.923729,69352,755,-22.0,100,0,0,-27.57,0.0
2026-01-14T08:26:06.032651,69408,756,-23.0,100,0,0,-27.57,0.0
2026-01-14T08:26:06.069687,69416,757,-23.0,100,0,0,-27.59,0.0
2026-01-14T08:26:06.350590,69572,758,-25.0,100,0,0,-27.59,0.0
2026-01-14T08:26:06.669618,69752,759,-26.0,100,0,0,-27.6,0.0
2026-01-14T08:26:06.774430,69808,760,-25.0,100,0,0,-27.58,0.0
2026-01-14T08:26:06.807982,69816,761,-25.0,100,0,0,-27.57,0.0
2026-01-14T08:26:07.102433,69972,762,-23.0,100,0,0,-27.54,0.0
2026-01-14T08:26:09.219345,70152,763,-22.0,100,0,0,-27.52,0.0
2026-01-14T08:26:09.327000,70208,764,-21.0,100,0,0,-27.46,0.0
2026-01-14T08:26:09.359017,70216,765,-21.0,100,0,0,-27.43,0.0
2026-01-14T08:26:09.666109,70372,766,-104.0,100,0,0,-28.23,0.0
2026-01-14T08:26:09.751323,70416,767,-22.0,50,0,0,-28.19,0.0
2026-01-14T08:26:10.006251,70552,768,-22.0,100,0,0,-28.16,0.0
2026-01-14T08:26:10.118734,70608,769,-23.0,100,0,0,-28.15,0.0
2026-01-14T08:26:10.161271,70624,770,-21.4,52,0,0,-28.134,0.0
2026-01-14T08:26:10.429526,70772,771,-26.0,100,0,0,-28.164,0.0
2026-01-14T08:26:10.769037,70952,772,-24.0,100,0,0,-28.174,0.0
2026-01-14T08:26:10.878176,71008,773,-34.0,100,0,0,-28.254,0.0
2026-01-14T08:26:10.914132,71024,774,-25.0,100,0,0,-28.342,0.0
2026-01-14T08:26:11.175787,71172,775,-25.0,100,0,0,-28.351999999999997,0.0
2026-01-14T08:26:11.495024,71352,776,-25.0,100,0,0,-28.351999999999997,0.0
2026-01-14T08:26:11.598668,71408,777,-22.0,100,0,0,-28.342,0.0
2026-01-14T08:26:11.632430,71424,778,-24.0,100,0,0,-28.362,0.0
2026-01-14T08:26:11.899434,71572,779,-25.0,100,0,0,-28.392,0.0
2026-01-14T08:26:12.200441,71752,780,-24.0,100,0,0,-28.392,0.0
2026-01-14T08:26:12.315955,71808,781,-22.0,100,0,0,-28.212,0.0
2026-01-14T08:26:12.353388,71824,782,-24.0,100,0,0,-28.182,0.0
2026-01-14T08:26:12.622839,71972,783,-21.0,100,0,0,-28.142,0.0
2026-01-14T08:26:12.957949,72152,784,-21.0,100,0,0,-27.772,0.0
2026-01-14T08:26:13.063640,72208,785,-21.0,100,0,0,-27.761999999999997,0.0
2026-01-14T08:26:13.103842,72224,786,-20.0,100,0,0,-27.701999999999998,0.0
2026-01-14T08:26:13.376371,72372,787,-21.0,100,0,0,-27.642,0.0
2026-01-14T08:26:13.701168,72552,788,-22.0,100,0,0,-27.592,0.0
2026-01-14T08:26:13.811890,72608,789,-22.0,100,0,0,-27.372,0.0
2026-01-14T08:26:13.850555,72624,790,-23.0,100,0,0,-27.392,0.0
2026-01-14T08:26:14.128558,72772,791,-24.0,100,0,0,-27.412,0.0
2026-01-14T08:26:14.453973,72952,792,-23.0,100,0,0,-27.412,0.0
2026-01-14T08:26:14.567118,73008,793,-24.0,100,0,0,-27.421999999999997,0.0
2026-01-14T08:26:14.605513,73024,794,-72.0,100,0,0,-27.912,0.0
2026-01-14T08:26:14.888894,73172,795,-25.0,100,0,0,-27.932,0.0
2026-01-14T08:26:15.204279,73352,796,-23.0,100,0,0,-27.921999999999997,0.0
2026-01-14T08:26:15.311890,73408,797,-23.0,100,0,0,-27.904,0.0
2026-01-14T08:26:15.348715,73424,798,-21.0,100,0,0,-27.864,0.0
2026-01-14T08:26:15.632894,73572,799,-21.0,100,0,0,-27.844,0.0
2026-01-14T08:26:15.969541,73752,800,-24.0,100,0,0,-27.752,0.0
2026-01-14T08:26:16.082797,73808,801,-22.0,100,0,0,-27.738000000000003,0.0
2026-01-14T08:26:16.118273,73824,802,-40.0,100,0,0,-27.888,0.0
2026-01-14T08:26:16.376590,73972,803,-21.0,100,0,0,-27.858,0.0
2026-01-14T08:26:16.688442,74152,804,-23.0,100,0,0,-27.858,0.0
2026-01-14T08:26:16.803951,74208,805,-22.0,100,0,0,-27.848000000000003,0.0
2026-01-14T08:26:16.840586,74224,806,-23.0,100,0,0,-27.838,0.0
2026-01-14T08:26:17.109715,74372,807,-24.0,100,0,0,-27.828000000000003,0.0
2026-01-14T08:26:17.444298,74552,808,-26.0,100,0,0,-27.188000000000002,0.0
2026-01-14T08:26:17.555837,74608,809,-25.0,100,0,0,-26.818,0.0
2026-01-14T08:26:17.597004,74624,810,-24.0,100,0,0,-26.828000000000003,0.0
2026-01-14T08:26:17.873926,74772,811,-24.0,100,0,0,-26.628,0.0
2026-01-14T08:26:18.211915,74952,812,-23.0,100,0,0,-26.238000000000003,0.0
2026-01-14T08:26:20.353409,75008,813,-26.0,100,0,0,-26.238000000000003,0.0
2026-01-14T08:26:20.395775,75024,814,-28.0,100,0,0,-26.238000000000003,0.0
2026-01-14T08:26:20.709943,75172,815,-28.0,100,0,0,-26.268,0.0
2026-01-14T08:26:21.077368,75352,816,-26.0,100,0,0,-26.268,0.0
2026-01-14T08:26:21.196331,75408,817,-21.0,100,0,0,-26.228,0.0
2026-01-14T08:26:21.235392,75424,818,-24.0,100,0,0,-26.198,0.0
2026-01-14T08:26:21.544899,75572,819,-24.0,100,0,0,-25.758000000000003,0.0
2026-01-14T08:26:21.624168,75604,820,-21.0,45,0,0,-25.688000000000002,0.0
2026-01-14T08:26:21.920065,75752,821,-24.0,100,0,0,-25.388,0.0
2026-01-14T08:26:22.032409,75808,822,-23.0,100,0,0,-25.378,0.0
2026-01-14T08:26:22.357829,75972,823,-26.0,100,0,0,-25.418000000000003,0.0
2026-01-14T08:26:22.430434,76004,824,-32.0,100,0,0,-25.498,0.0
2026-01-14T08:26:22.722655,76152,825,-32.0,100,0,0,-25.578000000000003,0.0
2026-01-14T08:26:22.833590,76208,826,-25.0,100,0,0,-25.608,0.0
2026-01-14T08:26:23.168230,76372,827,-24.0,100,0,0,-25.628,0.0
2026-01-14T08:26:23.240700,76404,828,-25.0,100,0,0,-25.678,0.0
2026-01-14T08:26:23.535893,76552,829,-25.0,100,0,0,-25.428,0.0
2026-01-14T08:26:23.656507,76608,830,-66.6,100,0,0,-25.874000000000002,0.0
2026-01-14T08:26:23.995316,76772,831,-27.0,100,0,0,-25.904,0.0
2026-01-14T08:26:24.070730,76804,832,-23.0,100,0,0,-25.804000000000002,0.0
2026-01-14T08:26:24.351398,76952,833,-24.0,100,0,0,-25.784000000000002,0.0
2026-01-14T08:26:24.385193,76964,834,-22.6,48,0,0,-25.776,0.0
2026-01-14T08:26:24.467993,77008,835,-74.0,100,0,0,-26.276,0.0
2026-01-14T08:26:24.852313,77204,836,-26.0,100,0,0,-26.285999999999998,0.0
2026-01-14T08:26:25.149504,77352,837,-24.0,100,0,0,-26.296,0.0
2026-01-14T08:26:25.185002,77364,838,-23.0,100,0,0,-26.285999999999998,0.0
2026-01-14T08:26:25.272737,77408,839,-105.0,100,0,0,-27.105999999999998,0.0
2026-01-14T08:26:25.663842,77604,840,-22.0,100,0,0,-27.105999999999998,0.0
2026-01-14T08:26:25.960652,77752,841,-22.0,100,0,0,-27.105999999999998,0.0
2026-01-14T08:26:25.992927,77764,842,-23.0,100,0,0,-27.066,0.0
2026-01-14T08:26:26.084210,77808,843,-22.0,100,0,0,-27.006,0.0
2026-01-14T08:26:26.468810,78004,844,-21.0,100,0,0,-26.936,0.0
2026-01-14T08:26:26.755672,78152,845,-23.0,100,0,0,-26.896,0.0
2026-01-14T08:26:26.785660,78164,846,-24.0,100,0,0,-26.886,0.0
2026-01-14T08:26:26.869623,78208,847,-23.0,100,0,0,-26.906,0.0
2026-01-14T08:26:27.259583,78404,848,-25.0,100,0,0,-26.926,0.0
2026-01-14T08:26:27.558422,78552,849,-23.0,100,0,0,-26.936,0.0
2026-01-14T08:26:27.593050,78564,850,-24.0,100,0,0,-26.936,0.0
2026-01-14T08:26:27.678017,78608,851,-24.0,100,0,0,-26.936,0.0
2026-01-14T08:26:28.063654,78804,852,-24.0,100,0,0,-26.936,0.0
2026-01-14T08:26:28.351177,78952,853,-28.0,100,0,0,-26.965999999999998,0.0
2026-01-14T08:26:28.385468,78964,854,-26.0,100,0,0,-26.996,0.0
2026-01-14T08:26:28.473865,79008,855,-55.0,100,0,0,-27.326,0.0
2026-01-14T08:26:28.847956,79204,856,-28.0,100,0,0,-27.375999999999998,0.0
2026-01-14T08:26:29.099938,79352,857,-66.0,100,0,0,-27.805999999999997,0.0
2026-01-14T08:26:29.129221,79364,858,-23.0,100,0,0,-27.785999999999998,0.0
2026-01-14T08:26:29.205615,79408,859,-23.0,100,0,0,-27.756,0.0
2026-01-14T08:26:29.561700,79604,860,-42.0,100,0,0,-27.926,0.0
2026-01-14T08:26:29.823714,79752,861,-22.0,100,0,0,-27.896,0.0
2026-01-14T08:26:29.852526,79764,862,-23.0,100,0,0,-27.896,0.0
2026-01-14T08:26:29.927247,79808,863,-22.0,100,0,0,-27.896,0.0
2026-01-14T08:26:32.219700,80004,864,-22.0,100,0,0,-27.906,0.0
2026-01-14T08:26:32.517195,80152,865,-28.0,100,0,0,-27.976,0.0
2026-01-14T08:26:32.548188,80164,866,-28.0,100,0,0,-27.215999999999998,0.0
2026-01-14T08:26:32.631547,80208,867,-25.0,100,0,0,-27.246,0.0
2026-01-14T08:26:32.987743,80404,868,-24.0,100,0,0,-27.266,0.0
2026-01-14T08:26:33.324129,80552,869,-23.0,100,0,0,-27.266,0.0
2026-01-14T08:26:33.355636,80564,870,-22.0,100,0,0,-27.272,0.0
2026-01-14T08:26:33.414701,80584,871,-11.0,5,0,0,-27.122,0.0
2026-01-14T08:26:33.465152,80608,872,-23.0,100,0,0,-27.112,0.0
2026-01-14T08:26:33.848518,80804,873,-23.0,100,0,0,-27.002,0.0
2026-01-14T08:26:34.122378,80952,874,-22.0,100,0,0,-26.971999999999998,0.0
2026-01-14T08:26:34.186435,80984,875,-23.0,100,0,0,-26.951999999999998,0.0
2026-01-14T08:26:34.233269,81008,876,-24.0,100,0,0,-26.941999999999997,0.0
2026-01-14T08:26:34.488785,81140,877,-32.8,84,0,0,-27.05,0.0
2026-01-14T08:26:34.711461,81252,878,-18.6,28,0,0,-26.996,0.0
2026-01-14T08:26:34.888771,81352,879,-29.0,100,0,0,-27.035999999999998,0.0
2026-01-14T08:26:34.967576,81384,880,-36.0,100,0,0,-27.156,0.0
2026-01-14T08:26:35.023456,81408,881,-27.0,100,0,0,-27.206,0.0
2026-01-14T08:26:35.466284,81648,882,-26.8,74,0,0,-27.234,0.0
2026-01-14T08:26:35.489735,81652,883,-24.0,100,0,0,-27.264,0.0
2026-01-14T08:26:35.742820,81784,884,-29.0,100,0,0,-27.344,0.0
2026-01-14T08:26:35.792864,81808,885,-23.0,100,0,0,-27.364000000000004,0.0
2026-01-14T08:26:36.197834,82048,886,-25.0,100,0,0,-27.414,0.0
2026-01-14T08:26:36.216915,82052,887,-24.0,100,0,0,-27.444000000000003,0.0
2026-01-14T08:26:36.447454,82184,888,-30.0,100,0,0,-27.524,0.0
2026-01-14T08:26:36.505441,82208,889,-41.0,100,0,0,-27.714000000000002,0.0
2026-01-14T08:26:36.960917,82448,890,-25.0,100,0,0,-27.734,0.0
2026-01-14T08:26:36.980177,82452,891,-25.0,100,0,0,-27.744,0.0
2026-01-14T08:26:37.237266,82584,892,-31.0,100,0,0,-27.824,0.0
2026-01-14T08:26:37.289797,82608,893,-28.0,100,0,0,-27.864,0.0
2026-01-14T08:26:37.738666,82848,894,-45.0,100,0,0,-27.594,0.0
2026-01-14T08:26:37.759886,82852,895,-24.0,100,0,0,-27.584,0.0
2026-01-14T08:26:37.998607,82984,896,-21.0,100,0,0,-27.564,0.0
2026-01-14T08:26:38.053195,83008,897,-21.0,100,0,0,-27.543999999999997,0.0
2026-01-14T08:26:38.464984,83248,898,-22.0,100,0,0,-27.554000000000002,0.0
2026-01-14T08:26:38.484126,83252,899,-22.0,100,0,0,-27.564,0.0
2026-01-14T08:26:38.723154,83384,900,-22.0,100,0,0,-27.544,0.0
2026-01-14T08:26:38.775623,83408,901,-22.0,100,0,0,-27.543999999999997,0.0
2026-01-14T08:26:38.978345,83508,902,-16.0,25,0,0,-27.304000000000002,0.0
2026-01-14T08:26:39.234724,83648,903,-24.0,100,0,0,-27.334,0.0
2026-01-14T08:26:39.257594,83652,904,-23.0,100,0,0,-27.334,0.0
2026-01-14T08:26:39.496335,83784,905,-24.0,100,0,0,-27.353999999999996,0.0
2026-01-14T08:26:39.731467,83908,906,-52.0,100,0,0,-27.644000000000002,0.0
2026-01-14T08:26:39.987685,84048,907,-25.0,100,0,0,-27.654,0.0
2026-01-14T08:26:40.007077,84052,908,-25.0,100,0,0,-27.644000000000002,0.0
2026-01-14T08:26:40.235477,84184,909,-22.0,100,0,0,-27.613999999999997,0.0
2026-01-14T08:26:40.457999,84308,910,-25.0,100,0,0,-27.624000000000002,0.0
2026-01-14T08:26:40.710732,84448,911,-23.0,100,0,0,-27.614,0.0
2026-01-14T08:26:40.729062,84452,912,-23.0,100,0,0,-27.614,0.0
2026-01-14T08:26:40.799203,84484,913,-11.8,9,0,0,-27.471999999999998,0.0
2026-01-14T08:26:40.974240,84584,914,-22.0,100,0,0,-27.412000000000003,0.0
2026-01-14T08:26:41.219556,84708,915,-23.0,100,0,0,-27.362000000000002,0.0
2026-01-14T08:26:41.475771,84852,916,-26.0,100,0,0,-27.362000000000002,0.0
2026-01-14T08:26:41.541361,84884,917,-26.0,100,0,0,-27.412,0.0
2026-01-14T08:26:41.721683,84984,918,-25.0,100,0,0,-27.421999999999997,0.0
2026-01-14T08:26:43.709900,85108,919,-26.0,100,0,0,-27.441999999999997,0.0
2026-01-14T08:26:43.976731,85252,920,-23.0,100,0,0,-27.462,0.0
2026-01-14T08:26:44.058405,85284,921,-22.0,100,0,0,-27.441999999999997,0.0
2026-01-14T08:26:44.268586,85384,922,-28.0,100,0,0,-27.491999999999997,0.0
2026-01-14T08:26:44.515235,85508,923,-24.0,100,0,0,-27.471999999999998,0.0
2026-01-14T08:26:44.794141,85652,924,-21.4,100,0,0,-27.366,0.0
2026-01-14T08:26:44.867704,85684,925,-24.0,100,0,0,-27.285999999999998,0.0
2026-01-14T08:26:45.053037,85784,926,-23.0,100,0,0,-27.266,0.0
2026-01-14T08:26:45.288674,85908,927,-21.0,100,0,0,-27.236,0.0
2026-01-14T08:26:45.549514,86052,928,-23.0,100,0,0,-27.215999999999998,0.0
2026-01-14T08:26:45.618876,86084,929,-24.0,100,0,0,-27.206,0.0
2026-01-14T08:26:45.818746,86184,930,-24.0,100,0,0,-26.78,0.0
2026-01-14T08:26:46.063107,86308,931,-23.0,100,0,0,-26.74,0.0
2026-01-14T08:26:46.330873,86452,932,-21.0,100,0,0,-26.72,0.0
2026-01-14T08:26:46.402072,86484,933,-23.0,100,0,0,-26.71,0.0
2026-01-14T08:26:46.583421,86584,934,-22.0,100,0,0,-26.704,0.0
2026-01-14T08:26:46.812327,86708,935,-22.0,100,0,0,-26.184,0.0
2026-01-14T08:26:47.083524,86852,936,-23.0,100,0,0,-26.154,0.0
2026-01-14T08:26:47.153040,86884,937,-27.0,100,0,0,-26.184,0.0
2026-01-14T08:26:47.197156,86904,938,-24.8,49,0,0,-26.202,0.0
2026-01-14T08:26:47.345372,86984,939,-26.0,100,0,0,-25.412000000000003,0.0
2026-01-14T08:26:47.887240,87252,940,-24.0,100,0,0,-25.432000000000002,0.0
2026-01-14T08:26:47.961740,87284,941,-24.0,100,0,0,-25.452,0.0
2026-01-14T08:26:48.002730,87304,942,-22.0,100,0,0,-25.442000000000004,0.0
2026-01-14T08:26:48.164790,87384,943,-26.0,100,0,0,-25.482000000000003,0.0
2026-01-14T08:26:48.686474,87652,944,-25.0,100,0,0,-25.522000000000002,0.0
2026-01-14T08:26:48.758816,87684,945,-25.0,100,0,0,-25.542,0.0
2026-01-14T08:26:48.802961,87704,946,-24.0,100,0,0,-25.542,0.0
2026-01-14T08:26:48.955530,87784,947,-83.0,100,0,0,-26.142000000000003,0.0
2026-01-14T08:26:49.442777,88052,948,-25.0,100,0,0,-26.142000000000003,0.0
2026-01-14T08:26:49.514816,88084,949,-26.0,100,0,0,-26.172000000000004,0.0
2026-01-14T08:26:49.559396,88104,950,-24.0,100,0,0,-26.172000000000004,0.0
2026-01-14T08:26:49.717513,88184,951,-25.0,100,0,0,-26.182000000000002,0.0
2026-01-14T08:26:49.970440,88312,952,-21.4,52,0,0,-26.156000000000002,0.0
2026-01-14T08:26:50.160475,88404,953,-22.0,55,0,0,-26.096000000000004,0.0
2026-01-14T08:26:50.262404,88452,954,-24.0,100,0,0,-26.076000000000004,0.0
2026-01-14T08:26:50.329856,88484,955,-22.0,100,0,0,-25.746000000000002,0.0
2026-01-14T08:26:50.773126,88712,956,-15.2,100,0,0,-25.618000000000002,0.0
2026-01-14T08:26:50.962587,88804,957,-23.0,100,0,0,-25.188000000000002,0.0
2026-01-14T08:26:51.051904,88852,958,-23.0,100,0,0,-25.188000000000002,0.0
2026-01-14T08:26:51.117951,88884,959,-23.0,100,0,0,-25.188000000000002,0.0
2026-01-14T08:26:51.510105,89112,960,-24.0,100,0,0,-25.008000000000003,0.0
2026-01-14T08:26:51.685574,89204,961,-22.0,100,0,0,-25.008000000000003,0.0
2026-01-14T08:26:51.785628,89252,962,-21.0,100,0,0,-24.988000000000003,0.0
2026-01-14T08:26:51.858086,89284,963,-23.0,100,0,0,-24.998,0.0
2026-01-14T08:26:52.313411,89512,964,-24.0,100,0,0,-25.018,0.0
2026-01-14T08:26:52.498965,89604,965,-25.0,100,0,0,-24.988000000000003,0.0
2026-01-14T08:26:52.592976,89652,966,-25.0,100,0,0,-24.958000000000002,0.0
2026-01-14T08:26:52.658522,89684,967,-24.0,100,0,0,-24.948,0.0
2026-01-14T08:26:53.060559,89912,968,-24.0,100,0,0,-24.948,0.0
2026-01-14T08:26:55.197970,90004,969,-24.0,100,0,0,-24.958000000000002,0.0
2026-01-14T08:26:55.292423,90052,970,-24.0,100,0,0,-24.978,0.0
2026-01-14T08:26:55.369810,90084,971,-24.0,100,0,0,-25.108,0.0
2026-01-14T08:26:55.805161,90312,972,-25.0,100,0,0,-25.128,0.0
2026-01-14T08:26:55.997968,90404,973,-24.0,100,0,0,-25.138,0.0
2026-01-14T08:26:56.089225,90452,974,-24.0,100,0,0,-25.158,0.0
2026-01-14T08:26:56.152103,90484,975,-25.0,100,0,0,-25.178,0.0
2026-01-14T08:26:56.542501,90712,976,-25.0,100,0,0,-25.188000000000002,0.0
2026-01-14T08:26:56.711340,90804,977,-25.0,100,0,0,-25.11,0.0
2026-01-14T08:26:56.797208,90852,978,-26.0,100,0,0,-25.184,0.0
2026-01-14T08:26:56.856872,90884,979,-24.0,100,0,0,-25.134,0.0
2026-01-14T08:26:57.250912,91112,980,-21.0,100,0,0,-24.984,0.0
2026-01-14T08:26:57.430714,91204,981,-23.0,100,0,0,-24.944000000000003,0.0
2026-01-14T08:26:57.517635,91252,982,-25.0,100,0,0,-24.926,0.0
2026-01-14T08:26:57.584429,91284,983,-24.0,100,0,0,-24.926,0.0
2026-01-14T08:26:57.966959,91512,984,-23.0,100,0,0,-24.866000000000003,0.0
2026-01-14T08:26:58.137443,91604,985,-24.0,100,0,0,-24.876000000000005,0.0
2026-01-14T08:26:58.235870,91652,986,-23.0,100,0,0,-24.855999999999998,0.0
2026-01-14T08:26:58.263562,91664,987,-10.6,3,0,0,-24.721999999999998,0.0
2026-01-14T08:26:58.310962,91684,988,-25.0,100,0,0,-24.672000000000004,0.0
2026-01-14T08:26:58.360031,91704,989,-13.0,5,0,0,-24.392000000000003,0.0
2026-01-14T08:26:58.701908,91912,990,-26.0,100,0,0,-24.401999999999997,0.0
2026-01-14T08:26:58.863501,92004,991,-26.0,100,0,0,-24.412,0.0
2026-01-14T08:26:58.962778,92064,992,-26.0,100,0,0,-24.362000000000002,0.0
2026-01-14T08:26:59.047383,92104,993,-63.0,100,0,0,-24.712,0.0
2026-01-14T08:26:59.422212,92312,994,-27.0,100,0,0,-24.531999999999996,0.0
2026-01-14T08:26:59.585000,92404,995,-22.0,100,0,0,-24.511999999999997,0.0
2026-01-14T08:26:59.691730,92464,996,-25.0,100,0,0,-24.552000000000003,0.0
2026-01-14T08:26:59.775548,92504,997,-23.0,100,0,0,-24.572,0.0
2026-01-14T08:27:00.122851,92712,998,-21.0,100,0,0,-24.561999999999998,0.0
2026-01-14T08:27:00.285491,92804,999,-21.0,100,0,0,-24.552,0.0
2026-01-14T08:27:00.385760,92864,1000,-23.0,100,0,0,-24.562,0.0
2026-01-14T08:27:00.474078,92904,1001,-22.0,100,0,0,-24.561999999999998,0.0
2026-01-14T08:27:00.824469,93112,1002,-24.0,100,0,0,-24.642,0.0
2026-01-14T08:27:00.989289,93204,1003,-39.0,100,0,0,-24.791999999999998,0.0
2026-01-14T08:27:01.093407,93264,1004,-26.0,100,0,0,-24.822000000000003,0.0
2026-01-14T08:27:01.176472,93304,1005,-24.0,100,0,0,-24.822,0.0
2026-01-14T08:27:01.535778,93512,1006,-24.0,100,0,0,-24.541999999999998,0.0
2026-01-14T08:27:01.697428,93604,1007,-26.0,100,0,0,-24.552,0.0
2026-01-14T08:27:01.799017,93664,1008,-24.0,100,0,0,-24.542,0.0
2026-01-14T08:27:01.885897,93704,1009,-26.0,100,0,0,-24.581999999999997,0.0
2026-01-14T08:27:02.267969,93912,1010,-23.0,100,0,0,-24.561999999999998,0.0
2026-01-14T08:27:02.439291,94004,1011,-23.0,100,0,0,-24.561999999999998,0.0
2026-01-14T08:27:02.538423,94064,1012,-54.0,100,0,0,-24.872000000000003,0.0
2026-01-14T08:27:02.624696,94104,1013,-55.0,100,0,0,-25.304000000000002,0.0
2026-01-14T08:27:03.054056,94312,1014,-25.0,100,0,0,-25.333999999999996,0.0
2026-01-14T08:27:03.230928,94404,1015,-24.0,100,0,0,-25.344,0.0
2026-01-14T08:27:03.347019,94464,1016,-25.0,100,0,0,-25.334,0.0
2026-01-14T08:27:03.435093,94504,1017,-26.0,100,0,0,-25.334,0.0
2026-01-14T08:27:03.816168,94712,1018,-25.0,100,0,0,-25.333999999999996,0.0
2026-01-14T08:27:04.003588,94804,1019,-29.0,100,0,0,-25.364,0.0
2026-01-14T08:27:04.102852,94864,1020,-26.0,100,0,0,-25.394000000000002,0.0
2026-01-14T08:27:04.184462,94904,1021,-26.0,100,0,0,-25.434,0.0
2026-01-14T08:27:06.626977,95112,1022,-25.0,100,0,0,-25.403999999999996,0.0
2026-01-14T08:27:06.809248,95204,1023,-24.0,100,0,0,-25.404,0.0
2026-01-14T08:27:06.936789,95264,1024,-24.0,100,0,0,-25.43,0.0
2026-01-14T08:27:07.025317,95304,1025,-25.0,100,0,0,-25.44,0.0
2026-01-14T08:27:07.386780,95512,1026,-21.0,100,0,0,-25.42,0.0
2026-01-14T08:27:07.557823,95604,1027,-23.0,100,0,0,-25.44,0.0
2026-01-14T08:27:07.598294,95620,1028,-10.8,4,0,0,-25.318,0.0
2026-01-14T08:27:07.683986,95664,1029,-23.0,100,0,0,-25.308000000000003,0.0
2026-01-14T08:27:07.767296,95704,1030,-24.0,100,0,0,-25.308000000000003,0.0
2026-01-14T08:27:08.176098,95912,1031,-24.0,100,0,0,-25.318,0.0
2026-01-14T08:27:08.393986,96020,1032,-26.0,100,0,0,-25.368000000000002,0.0
2026-01-14T08:27:08.488149,96064,1033,-23.0,100,0,0,-25.368000000000002,0.0
2026-01-14T08:27:08.535804,96080,1034,-10.8,4,0,0,-25.256,0.0
2026-01-14T08:27:08.596142,96104,1035,-25.0,100,0,0,-25.286000000000005,0.0
2026-01-14T08:27:08.646891,96124,1036,-12.0,5,0,0,-25.176000000000002,0.0
2026-01-14T08:27:09.009095,96312,1037,-24.0,100,0,0,-25.146000000000004,0.0
2026-01-14T08:27:09.214296,96420,1038,-22.0,100,0,0,-25.118,0.0
2026-01-14T08:27:09.320074,96480,1039,-21.0,100,0,0,-25.068,0.0
2026-01-14T08:27:09.406366,96524,1040,-21.0,100,0,0,-25.038,0.0
2026-01-14T08:27:09.756206,96712,1041,-24.0,100,0,0,-25.038,0.0
2026-01-14T08:27:09.963835,96820,1042,-23.0,100,0,0,-25.048,0.0
2026-01-14T08:27:10.078899,96880,1043,-25.0,100,0,0,-25.038,0.0
2026-01-14T08:27:10.166118,96924,1044,-27.0,100,0,0,-25.058000000000003,0.0
2026-01-14T08:27:10.513758,97112,1045,-44.0,100,0,0,-25.248,0.0
2026-01-14T08:27:10.715121,97220,1046,-24.0,100,0,0,-25.247999999999998,0.0
2026-01-14T08:27:10.826797,97280,1047,-35.0,100,0,0,-24.768,0.0
2026-01-14T08:27:10.922611,97324,1048,-70.0,100,0,0,-25.218000000000004,0.0
2026-01-14T08:27:11.295562,97512,1049,-23.0,100,0,0,-25.188000000000002,0.0
2026-01-14T08:27:11.500013,97620,1050,-25.0,100,0,0,-25.197999999999997,0.0
2026-01-14T08:27:11.608823,97680,1051,-23.0,100,0,0,-25.178,0.0
2026-01-14T08:27:11.694775,97724,1052,-23.7,100,0,0,-25.201,0.0
2026-01-14T08:27:12.034716,97912,1053,-25.0,100,0,0,-25.230999999999998,0.0
2026-01-14T08:27:12.244576,98020,1054,-23.6,100,0,0,-25.226999999999993,0.0
2026-01-14T08:27:12.358065,98080,1055,-25.0,100,0,0,-25.256999999999998,0.0
2026-01-14T08:27:12.447134,98124,1056,-25.0,100,0,0,-25.355,0.0
2026-01-14T08:27:12.791652,98312,1057,-24.0,100,0,0,-25.365,0.0
2026-01-14T08:27:12.830005,98328,1058,-10.8,4,0,0,-25.243000000000002,0.0
2026-01-14T08:27:12.995038,98420,1059,-22.0,100,0,0,-25.233,0.0
2026-01-14T08:27:13.101330,98480,1060,-24.0,100,0,0,-25.233,0.0
2026-01-14T08:27:13.192127,98524,1061,-22.0,100,0,0,-25.233,0.0
2026-01-14T08:27:13.552679,98728,1062,-23.0,100,0,0,-25.253,0.0
2026-01-14T08:27:13.714340,98820,1063,-22.0,100,0,0,-25.243000000000002,0.0
2026-01-14T08:27:13.816421,98880,1064,-22.0,100,0,0,-25.223000000000003,0.0
2026-01-14T08:27:13.905414,98924,1065,-23.0,100,0,0,-25.203000000000003,0.0
2026-01-14T08:27:14.264572,99128,1066,-24.0,100,0,0,-25.193,0.0
2026-01-14T08:27:14.427979,99220,1067,-24.0,100,0,0,-25.193,0.0
2026-01-14T08:27:14.533014,99280,1068,-24.0,100,0,0,-25.193,0.0
2026-01-14T08:27:14.623943,99324,1069,-23.0,100,0,0,-25.183000000000003,0.0
2026-01-14T08:27:15.023676,99528,1070,-23.0,100,0,0,-25.173000000000002,0.0
2026-01-14T08:27:15.204293,99620,1071,-23.0,100,0,0,-25.163,0.0
2026-01-14T08:27:15.317905,99680,1072,-21.0,100,0,0,-25.123,0.0
2026-01-14T08:27:15.407950,99724,1073,-21.0,100,0,0,-25.093000000000004,0.0
2026-01-14T08:27:15.791312,99928,1074,-51.0,100,0,0,-25.363000000000003,0.0
